METHOD	org.bson.BasicBSONObject	put(java.lang.String,java.lang.Object)	null	null	/home/nima/
METHOD	com.mongodb.PooledConnectionProvider	createTimer()	null	null	/home/nima/
METHOD	com.mongodb.MongoOptions	getReadPreference()	null	null	/home/nima/
METHOD	com.mongodb.DBCollection	getDBEncoderFactory()	null	null	/home/nima/
METHOD	com.mongodb.DBCollection	getDBEncoder()	null	null	/home/nima/
METHOD	com.mongodb.DBTCPConnector.MyPort	getPinnedRequestPortForThread()	null	null	/home/nima/
METHOD	com.mongodb.MongoOptions	getRequiredReplicaSetName()	null	null	/home/nima/
METHOD	com.mongodb.PooledConnectionProvider	createMaintenanceTask()	null	null	/home/nima/
METHOD	com.mongodb.MongoOptions	getDescription()	null	null	/home/nima/
METHOD	org.bson.BasicBSONObject	put(java.lang.String,java.lang.Object)	null	null	/home/nima/
