enc_class	enc_method	exp	kind	class	method	param	index	uri
cz.mff.dpp.args.Logger#$@$#severe(java.lang.String,java.lang.Object[])#$@$#log#$@$#METHOD	cz.mff.dpp.args.Logger	log(java.util.logging.Level,java.lang.String,java.lang.Object[])	null	null	/home/nima/Developer/NJR-ANNOTATED-RUN/dataset/url8752fbdeb0_sixtam_args_tgz-pJ8-cz_mff_dpp_args_examples_ConstraintTestJ8/src/cz/mff/dpp/args/Logger.java
cz.mff.dpp.args.Logger#$@$#severe(java.lang.String,java.lang.Object[])#$@$#java.util.logging.Level.SEVERE#$@$#FIELD	java.util.logging.Level	null	SEVERE	null	null
cz.mff.dpp.args.Logger#$@$#severe(java.lang.String,java.lang.Object[])#$@$#format#$@$#PARAMETER	cz.mff.dpp.args.Logger	severe(java.lang.String,java.lang.Object[])	format	0	/home/nima/Developer/NJR-ANNOTATED-RUN/dataset/url8752fbdeb0_sixtam_args_tgz-pJ8-cz_mff_dpp_args_examples_ConstraintTestJ8/src/cz/mff/dpp/args/Logger.java
cz.mff.dpp.args.Logger#$@$#severe(java.lang.String,java.lang.Object[])#$@$#args#$@$#PARAMETER	cz.mff.dpp.args.Logger	severe(java.lang.String,java.lang.Object[])	args	1	/home/nima/Developer/NJR-ANNOTATED-RUN/dataset/url8752fbdeb0_sixtam_args_tgz-pJ8-cz_mff_dpp_args_examples_ConstraintTestJ8/src/cz/mff/dpp/args/Logger.java
cz.mff.dpp.args.Logger#$@$#warning(java.lang.String,java.lang.Object[])#$@$#log#$@$#METHOD	cz.mff.dpp.args.Logger	log(java.util.logging.Level,java.lang.String,java.lang.Object[])	null	null	/home/nima/Developer/NJR-ANNOTATED-RUN/dataset/url8752fbdeb0_sixtam_args_tgz-pJ8-cz_mff_dpp_args_examples_ConstraintTestJ8/src/cz/mff/dpp/args/Logger.java
cz.mff.dpp.args.Logger#$@$#warning(java.lang.String,java.lang.Object[])#$@$#java.util.logging.Level.WARNING#$@$#FIELD	java.util.logging.Level	null	WARNING	null	null
cz.mff.dpp.args.Logger#$@$#warning(java.lang.String,java.lang.Object[])#$@$#format#$@$#PARAMETER	cz.mff.dpp.args.Logger	warning(java.lang.String,java.lang.Object[])	format	0	/home/nima/Developer/NJR-ANNOTATED-RUN/dataset/url8752fbdeb0_sixtam_args_tgz-pJ8-cz_mff_dpp_args_examples_ConstraintTestJ8/src/cz/mff/dpp/args/Logger.java
cz.mff.dpp.args.Logger#$@$#warning(java.lang.String,java.lang.Object[])#$@$#args#$@$#PARAMETER	cz.mff.dpp.args.Logger	warning(java.lang.String,java.lang.Object[])	args	1	/home/nima/Developer/NJR-ANNOTATED-RUN/dataset/url8752fbdeb0_sixtam_args_tgz-pJ8-cz_mff_dpp_args_examples_ConstraintTestJ8/src/cz/mff/dpp/args/Logger.java
cz.mff.dpp.args.Logger#$@$#info(java.lang.String,java.lang.Object[])#$@$#log#$@$#METHOD	cz.mff.dpp.args.Logger	log(java.util.logging.Level,java.lang.String,java.lang.Object[])	null	null	/home/nima/Developer/NJR-ANNOTATED-RUN/dataset/url8752fbdeb0_sixtam_args_tgz-pJ8-cz_mff_dpp_args_examples_ConstraintTestJ8/src/cz/mff/dpp/args/Logger.java
cz.mff.dpp.args.Logger#$@$#info(java.lang.String,java.lang.Object[])#$@$#java.util.logging.Level.INFO#$@$#FIELD	java.util.logging.Level	null	INFO	null	null
cz.mff.dpp.args.Logger#$@$#info(java.lang.String,java.lang.Object[])#$@$#format#$@$#PARAMETER	cz.mff.dpp.args.Logger	info(java.lang.String,java.lang.Object[])	format	0	/home/nima/Developer/NJR-ANNOTATED-RUN/dataset/url8752fbdeb0_sixtam_args_tgz-pJ8-cz_mff_dpp_args_examples_ConstraintTestJ8/src/cz/mff/dpp/args/Logger.java
cz.mff.dpp.args.Logger#$@$#info(java.lang.String,java.lang.Object[])#$@$#args#$@$#PARAMETER	cz.mff.dpp.args.Logger	info(java.lang.String,java.lang.Object[])	args	1	/home/nima/Developer/NJR-ANNOTATED-RUN/dataset/url8752fbdeb0_sixtam_args_tgz-pJ8-cz_mff_dpp_args_examples_ConstraintTestJ8/src/cz/mff/dpp/args/Logger.java
cz.mff.dpp.args.Logger#$@$#fine(java.lang.String,java.lang.Object[])#$@$#log#$@$#METHOD	cz.mff.dpp.args.Logger	log(java.util.logging.Level,java.lang.String,java.lang.Object[])	null	null	/home/nima/Developer/NJR-ANNOTATED-RUN/dataset/url8752fbdeb0_sixtam_args_tgz-pJ8-cz_mff_dpp_args_examples_ConstraintTestJ8/src/cz/mff/dpp/args/Logger.java
cz.mff.dpp.args.Logger#$@$#fine(java.lang.String,java.lang.Object[])#$@$#java.util.logging.Level.FINE#$@$#FIELD	java.util.logging.Level	null	FINE	null	null
cz.mff.dpp.args.Logger#$@$#fine(java.lang.String,java.lang.Object[])#$@$#format#$@$#PARAMETER	cz.mff.dpp.args.Logger	fine(java.lang.String,java.lang.Object[])	format	0	/home/nima/Developer/NJR-ANNOTATED-RUN/dataset/url8752fbdeb0_sixtam_args_tgz-pJ8-cz_mff_dpp_args_examples_ConstraintTestJ8/src/cz/mff/dpp/args/Logger.java
cz.mff.dpp.args.Logger#$@$#fine(java.lang.String,java.lang.Object[])#$@$#args#$@$#PARAMETER	cz.mff.dpp.args.Logger	fine(java.lang.String,java.lang.Object[])	args	1	/home/nima/Developer/NJR-ANNOTATED-RUN/dataset/url8752fbdeb0_sixtam_args_tgz-pJ8-cz_mff_dpp_args_examples_ConstraintTestJ8/src/cz/mff/dpp/args/Logger.java
cz.mff.dpp.args.Logger#$@$#log(java.util.logging.Level,java.lang.String,java.lang.Object[])#$@$#LOGGER.isLoggable#$@$#METHOD	java.util.logging.Logger	isLoggable(java.util.logging.Level)	null	null	null
cz.mff.dpp.args.Logger#$@$#log(java.util.logging.Level,java.lang.String,java.lang.Object[])#$@$#cz.mff.dpp.args.Logger.LOGGER#$@$#FIELD	cz.mff.dpp.args.Logger	null	LOGGER	null	/home/nima/Developer/NJR-ANNOTATED-RUN/dataset/url8752fbdeb0_sixtam_args_tgz-pJ8-cz_mff_dpp_args_examples_ConstraintTestJ8/src/cz/mff/dpp/args/Logger.java
cz.mff.dpp.args.Logger#$@$#log(java.util.logging.Level,java.lang.String,java.lang.Object[])#$@$#level#$@$#PARAMETER	cz.mff.dpp.args.Logger	log(java.util.logging.Level,java.lang.String,java.lang.Object[])	level	0	/home/nima/Developer/NJR-ANNOTATED-RUN/dataset/url8752fbdeb0_sixtam_args_tgz-pJ8-cz_mff_dpp_args_examples_ConstraintTestJ8/src/cz/mff/dpp/args/Logger.java
cz.mff.dpp.args.Logger#$@$#log(java.util.logging.Level,java.lang.String,java.lang.Object[])#$@$#LOGGER.log#$@$#METHOD	java.util.logging.Logger	log(java.util.logging.Level,java.lang.String)	null	null	null
cz.mff.dpp.args.Logger#$@$#log(java.util.logging.Level,java.lang.String,java.lang.Object[])#$@$#cz.mff.dpp.args.Logger.LOGGER#$@$#FIELD	cz.mff.dpp.args.Logger	null	LOGGER	null	/home/nima/Developer/NJR-ANNOTATED-RUN/dataset/url8752fbdeb0_sixtam_args_tgz-pJ8-cz_mff_dpp_args_examples_ConstraintTestJ8/src/cz/mff/dpp/args/Logger.java
cz.mff.dpp.args.Logger#$@$#log(java.util.logging.Level,java.lang.String,java.lang.Object[])#$@$#level#$@$#PARAMETER	cz.mff.dpp.args.Logger	log(java.util.logging.Level,java.lang.String,java.lang.Object[])	level	0	/home/nima/Developer/NJR-ANNOTATED-RUN/dataset/url8752fbdeb0_sixtam_args_tgz-pJ8-cz_mff_dpp_args_examples_ConstraintTestJ8/src/cz/mff/dpp/args/Logger.java
cz.mff.dpp.args.Logger#$@$#log(java.util.logging.Level,java.lang.String,java.lang.Object[])#$@$#String.format#$@$#METHOD	java.lang.String	format(java.lang.String,java.lang.Object[])	null	null	null
cz.mff.dpp.args.Logger#$@$#log(java.util.logging.Level,java.lang.String,java.lang.Object[])#$@$#format#$@$#PARAMETER	cz.mff.dpp.args.Logger	log(java.util.logging.Level,java.lang.String,java.lang.Object[])	format	1	/home/nima/Developer/NJR-ANNOTATED-RUN/dataset/url8752fbdeb0_sixtam_args_tgz-pJ8-cz_mff_dpp_args_examples_ConstraintTestJ8/src/cz/mff/dpp/args/Logger.java
cz.mff.dpp.args.Logger#$@$#log(java.util.logging.Level,java.lang.String,java.lang.Object[])#$@$#args#$@$#PARAMETER	cz.mff.dpp.args.Logger	log(java.util.logging.Level,java.lang.String,java.lang.Object[])	args	2	/home/nima/Developer/NJR-ANNOTATED-RUN/dataset/url8752fbdeb0_sixtam_args_tgz-pJ8-cz_mff_dpp_args_examples_ConstraintTestJ8/src/cz/mff/dpp/args/Logger.java
cz.mff.dpp.args.Logger#$@$#setLevel(java.util.logging.Level)#$@$#LOGGER.setLevel#$@$#METHOD	java.util.logging.Logger	setLevel(java.util.logging.Level)	null	null	null
cz.mff.dpp.args.Logger#$@$#setLevel(java.util.logging.Level)#$@$#cz.mff.dpp.args.Logger.LOGGER#$@$#FIELD	cz.mff.dpp.args.Logger	null	LOGGER	null	/home/nima/Developer/NJR-ANNOTATED-RUN/dataset/url8752fbdeb0_sixtam_args_tgz-pJ8-cz_mff_dpp_args_examples_ConstraintTestJ8/src/cz/mff/dpp/args/Logger.java
cz.mff.dpp.args.Logger#$@$#setLevel(java.util.logging.Level)#$@$#level#$@$#PARAMETER	cz.mff.dpp.args.Logger	setLevel(java.util.logging.Level)	level	0	/home/nima/Developer/NJR-ANNOTATED-RUN/dataset/url8752fbdeb0_sixtam_args_tgz-pJ8-cz_mff_dpp_args_examples_ConstraintTestJ8/src/cz/mff/dpp/args/Logger.java
cz.mff.dpp.args.OptionUtils#$@$#isSimpleOption(java.lang.String)#$@$#token.startsWith#$@$#METHOD	java.lang.String	startsWith(java.lang.String)	null	null	null
cz.mff.dpp.args.OptionUtils#$@$#isSimpleOption(java.lang.String)#$@$#token#$@$#PARAMETER	cz.mff.dpp.args.OptionUtils	isSimpleOption(java.lang.String)	token	0	/home/nima/Developer/NJR-ANNOTATED-RUN/dataset/url8752fbdeb0_sixtam_args_tgz-pJ8-cz_mff_dpp_args_examples_ConstraintTestJ8/src/cz/mff/dpp/args/OptionUtils.java
cz.mff.dpp.args.OptionUtils#$@$#isSimpleOption(java.lang.String)#$@$#cz.mff.dpp.args.OptionUtils.SIMPLE_OPTION_PREFIX#$@$#FIELD	cz.mff.dpp.args.OptionUtils	null	SIMPLE_OPTION_PREFIX	null	/home/nima/Developer/NJR-ANNOTATED-RUN/dataset/url8752fbdeb0_sixtam_args_tgz-pJ8-cz_mff_dpp_args_examples_ConstraintTestJ8/src/cz/mff/dpp/args/OptionUtils.java
cz.mff.dpp.args.OptionUtils#$@$#isSimpleOption(java.lang.String)#$@$#token.length#$@$#METHOD	java.lang.String	length()	null	null	null
cz.mff.dpp.args.OptionUtils#$@$#isSimpleOption(java.lang.String)#$@$#token#$@$#PARAMETER	cz.mff.dpp.args.OptionUtils	isSimpleOption(java.lang.String)	token	0	/home/nima/Developer/NJR-ANNOTATED-RUN/dataset/url8752fbdeb0_sixtam_args_tgz-pJ8-cz_mff_dpp_args_examples_ConstraintTestJ8/src/cz/mff/dpp/args/OptionUtils.java
cz.mff.dpp.args.OptionUtils#$@$#isSimpleOption(java.lang.String)#$@$#token.equals#$@$#METHOD	java.lang.String	equals(java.lang.Object)	null	null	null
cz.mff.dpp.args.OptionUtils#$@$#isSimpleOption(java.lang.String)#$@$#token#$@$#PARAMETER	cz.mff.dpp.args.OptionUtils	isSimpleOption(java.lang.String)	token	0	/home/nima/Developer/NJR-ANNOTATED-RUN/dataset/url8752fbdeb0_sixtam_args_tgz-pJ8-cz_mff_dpp_args_examples_ConstraintTestJ8/src/cz/mff/dpp/args/OptionUtils.java
cz.mff.dpp.args.OptionUtils#$@$#isSimpleOption(java.lang.String)#$@$#cz.mff.dpp.args.OptionUtils.OPTION_LIST_TERMINATOR#$@$#FIELD	cz.mff.dpp.args.OptionUtils	null	OPTION_LIST_TERMINATOR	null	/home/nima/Developer/NJR-ANNOTATED-RUN/dataset/url8752fbdeb0_sixtam_args_tgz-pJ8-cz_mff_dpp_args_examples_ConstraintTestJ8/src/cz/mff/dpp/args/OptionUtils.java
cz.mff.dpp.args.OptionUtils#$@$#isLongOption(java.lang.String)#$@$#token.startsWith#$@$#METHOD	java.lang.String	startsWith(java.lang.String)	null	null	null
cz.mff.dpp.args.OptionUtils#$@$#isLongOption(java.lang.String)#$@$#token#$@$#PARAMETER	cz.mff.dpp.args.OptionUtils	isLongOption(java.lang.String)	token	0	/home/nima/Developer/NJR-ANNOTATED-RUN/dataset/url8752fbdeb0_sixtam_args_tgz-pJ8-cz_mff_dpp_args_examples_ConstraintTestJ8/src/cz/mff/dpp/args/OptionUtils.java
cz.mff.dpp.args.OptionUtils#$@$#isLongOption(java.lang.String)#$@$#cz.mff.dpp.args.OptionUtils.LONG_OPTION_PREFIX#$@$#FIELD	cz.mff.dpp.args.OptionUtils	null	LONG_OPTION_PREFIX	null	/home/nima/Developer/NJR-ANNOTATED-RUN/dataset/url8752fbdeb0_sixtam_args_tgz-pJ8-cz_mff_dpp_args_examples_ConstraintTestJ8/src/cz/mff/dpp/args/OptionUtils.java
cz.mff.dpp.args.OptionUtils#$@$#isLongOption(java.lang.String)#$@$#token.length#$@$#METHOD	java.lang.String	length()	null	null	null
cz.mff.dpp.args.OptionUtils#$@$#isLongOption(java.lang.String)#$@$#token#$@$#PARAMETER	cz.mff.dpp.args.OptionUtils	isLongOption(java.lang.String)	token	0	/home/nima/Developer/NJR-ANNOTATED-RUN/dataset/url8752fbdeb0_sixtam_args_tgz-pJ8-cz_mff_dpp_args_examples_ConstraintTestJ8/src/cz/mff/dpp/args/OptionUtils.java
cz.mff.dpp.args.OptionUtils#$@$#isLongOption(java.lang.String)#$@$#token.indexOf#$@$#METHOD	java.lang.String	indexOf(int)	null	null	null
cz.mff.dpp.args.OptionUtils#$@$#isLongOption(java.lang.String)#$@$#token#$@$#PARAMETER	cz.mff.dpp.args.OptionUtils	isLongOption(java.lang.String)	token	0	/home/nima/Developer/NJR-ANNOTATED-RUN/dataset/url8752fbdeb0_sixtam_args_tgz-pJ8-cz_mff_dpp_args_examples_ConstraintTestJ8/src/cz/mff/dpp/args/OptionUtils.java
cz.mff.dpp.args.OptionUtils#$@$#isOption(java.lang.String)#$@$#isSimpleOption#$@$#METHOD	cz.mff.dpp.args.OptionUtils	isSimpleOption(java.lang.String)	null	null	/home/nima/Developer/NJR-ANNOTATED-RUN/dataset/url8752fbdeb0_sixtam_args_tgz-pJ8-cz_mff_dpp_args_examples_ConstraintTestJ8/src/cz/mff/dpp/args/OptionUtils.java
cz.mff.dpp.args.OptionUtils#$@$#isOption(java.lang.String)#$@$#token#$@$#PARAMETER	cz.mff.dpp.args.OptionUtils	isOption(java.lang.String)	token	0	/home/nima/Developer/NJR-ANNOTATED-RUN/dataset/url8752fbdeb0_sixtam_args_tgz-pJ8-cz_mff_dpp_args_examples_ConstraintTestJ8/src/cz/mff/dpp/args/OptionUtils.java
cz.mff.dpp.args.OptionUtils#$@$#isOption(java.lang.String)#$@$#isLongOption#$@$#METHOD	cz.mff.dpp.args.OptionUtils	isLongOption(java.lang.String)	null	null	/home/nima/Developer/NJR-ANNOTATED-RUN/dataset/url8752fbdeb0_sixtam_args_tgz-pJ8-cz_mff_dpp_args_examples_ConstraintTestJ8/src/cz/mff/dpp/args/OptionUtils.java
cz.mff.dpp.args.OptionUtils#$@$#isOption(java.lang.String)#$@$#token#$@$#PARAMETER	cz.mff.dpp.args.OptionUtils	isOption(java.lang.String)	token	0	/home/nima/Developer/NJR-ANNOTATED-RUN/dataset/url8752fbdeb0_sixtam_args_tgz-pJ8-cz_mff_dpp_args_examples_ConstraintTestJ8/src/cz/mff/dpp/args/OptionUtils.java
cz.mff.dpp.args.OptionUtils#$@$#getDefaultValues(cz.mff.dpp.args.Option)#$@$#Arrays.asList#$@$#METHOD	java.util.Arrays	asList(T[])	null	null	null
cz.mff.dpp.args.OptionUtils#$@$#getDefaultValues(cz.mff.dpp.args.Option)#$@$#option.defaultValues#$@$#METHOD	cz.mff.dpp.args.Option	defaultValues()	null	null	/home/nima/Developer/NJR-ANNOTATED-RUN/dataset/url8752fbdeb0_sixtam_args_tgz-pJ8-cz_mff_dpp_args_examples_ConstraintTestJ8/src/cz/mff/dpp/args/Option.java
cz.mff.dpp.args.OptionUtils#$@$#getDefaultValues(cz.mff.dpp.args.Option)#$@$#option#$@$#PARAMETER	cz.mff.dpp.args.OptionUtils	getDefaultValues(cz.mff.dpp.args.Option)	option	0	/home/nima/Developer/NJR-ANNOTATED-RUN/dataset/url8752fbdeb0_sixtam_args_tgz-pJ8-cz_mff_dpp_args_examples_ConstraintTestJ8/src/cz/mff/dpp/args/OptionUtils.java
cz.mff.dpp.args.OptionUtils$Used#$@$#Used()#$@$#usedOptionParams#$@$#FIELD	cz.mff.dpp.args.OptionUtils$Used	null	usedOptionParams	null	/home/nima/Developer/NJR-ANNOTATED-RUN/dataset/url8752fbdeb0_sixtam_args_tgz-pJ8-cz_mff_dpp_args_examples_ConstraintTestJ8/src/cz/mff/dpp/args/OptionUtils.java
cz.mff.dpp.args.OptionUtils$Used#$@$#Used()#$@$#usedOptionPosition#$@$#FIELD	cz.mff.dpp.args.OptionUtils$Used	null	usedOptionPosition	null	/home/nima/Developer/NJR-ANNOTATED-RUN/dataset/url8752fbdeb0_sixtam_args_tgz-pJ8-cz_mff_dpp_args_examples_ConstraintTestJ8/src/cz/mff/dpp/args/OptionUtils.java
cz.mff.dpp.args.OptionUtils$Used#$@$#Used()#$@$#freeArguments#$@$#FIELD	cz.mff.dpp.args.OptionUtils$Used	null	freeArguments	null	/home/nima/Developer/NJR-ANNOTATED-RUN/dataset/url8752fbdeb0_sixtam_args_tgz-pJ8-cz_mff_dpp_args_examples_ConstraintTestJ8/src/cz/mff/dpp/args/OptionUtils.java
cz.mff.dpp.args.OptionUtils$Used#$@$#Used()#$@$#freeArgumentsPosition#$@$#FIELD	cz.mff.dpp.args.OptionUtils$Used	null	freeArgumentsPosition	null	/home/nima/Developer/NJR-ANNOTATED-RUN/dataset/url8752fbdeb0_sixtam_args_tgz-pJ8-cz_mff_dpp_args_examples_ConstraintTestJ8/src/cz/mff/dpp/args/OptionUtils.java
cz.mff.dpp.args.OptionUtils$Used#$@$#addOption(cz.mff.dpp.args.Option,java.util.List)#$@$#usedOptionParams.containsKey#$@$#METHOD	java.util.Map	containsKey(java.lang.Object)	null	null	null
cz.mff.dpp.args.OptionUtils$Used#$@$#addOption(cz.mff.dpp.args.Option,java.util.List)#$@$#usedOptionParams#$@$#FIELD	cz.mff.dpp.args.OptionUtils$Used	null	usedOptionParams	null	/home/nima/Developer/NJR-ANNOTATED-RUN/dataset/url8752fbdeb0_sixtam_args_tgz-pJ8-cz_mff_dpp_args_examples_ConstraintTestJ8/src/cz/mff/dpp/args/OptionUtils.java
cz.mff.dpp.args.OptionUtils$Used#$@$#addOption(cz.mff.dpp.args.Option,java.util.List)#$@$#option#$@$#PARAMETER	cz.mff.dpp.args.OptionUtils$Used	addOption(cz.mff.dpp.args.Option,java.util.List)	option	0	/home/nima/Developer/NJR-ANNOTATED-RUN/dataset/url8752fbdeb0_sixtam_args_tgz-pJ8-cz_mff_dpp_args_examples_ConstraintTestJ8/src/cz/mff/dpp/args/OptionUtils.java
cz.mff.dpp.args.OptionUtils$Used#$@$#addOption(cz.mff.dpp.args.Option,java.util.List)#$@$#option.name#$@$#METHOD	cz.mff.dpp.args.Option	name()	null	null	/home/nima/Developer/NJR-ANNOTATED-RUN/dataset/url8752fbdeb0_sixtam_args_tgz-pJ8-cz_mff_dpp_args_examples_ConstraintTestJ8/src/cz/mff/dpp/args/Option.java
cz.mff.dpp.args.OptionUtils$Used#$@$#addOption(cz.mff.dpp.args.Option,java.util.List)#$@$#option#$@$#PARAMETER	cz.mff.dpp.args.OptionUtils$Used	addOption(cz.mff.dpp.args.Option,java.util.List)	option	0	/home/nima/Developer/NJR-ANNOTATED-RUN/dataset/url8752fbdeb0_sixtam_args_tgz-pJ8-cz_mff_dpp_args_examples_ConstraintTestJ8/src/cz/mff/dpp/args/OptionUtils.java
cz.mff.dpp.args.OptionUtils$Used#$@$#addOption(cz.mff.dpp.args.Option,java.util.List)#$@$#parameters.toString#$@$#METHOD	java.lang.Object	toString()	null	null	null
cz.mff.dpp.args.OptionUtils$Used#$@$#addOption(cz.mff.dpp.args.Option,java.util.List)#$@$#parameters#$@$#PARAMETER	cz.mff.dpp.args.OptionUtils$Used	addOption(cz.mff.dpp.args.Option,java.util.List)	parameters	1	/home/nima/Developer/NJR-ANNOTATED-RUN/dataset/url8752fbdeb0_sixtam_args_tgz-pJ8-cz_mff_dpp_args_examples_ConstraintTestJ8/src/cz/mff/dpp/args/OptionUtils.java
cz.mff.dpp.args.OptionUtils$Used#$@$#addOption(cz.mff.dpp.args.Option,java.util.List)#$@$#usedOptionParams.put#$@$#METHOD	java.util.Map	put(K,V)	null	null	null
cz.mff.dpp.args.OptionUtils$Used#$@$#addOption(cz.mff.dpp.args.Option,java.util.List)#$@$#usedOptionParams#$@$#FIELD	cz.mff.dpp.args.OptionUtils$Used	null	usedOptionParams	null	/home/nima/Developer/NJR-ANNOTATED-RUN/dataset/url8752fbdeb0_sixtam_args_tgz-pJ8-cz_mff_dpp_args_examples_ConstraintTestJ8/src/cz/mff/dpp/args/OptionUtils.java
cz.mff.dpp.args.OptionUtils$Used#$@$#addOption(cz.mff.dpp.args.Option,java.util.List)#$@$#option#$@$#PARAMETER	cz.mff.dpp.args.OptionUtils$Used	addOption(cz.mff.dpp.args.Option,java.util.List)	option	0	/home/nima/Developer/NJR-ANNOTATED-RUN/dataset/url8752fbdeb0_sixtam_args_tgz-pJ8-cz_mff_dpp_args_examples_ConstraintTestJ8/src/cz/mff/dpp/args/OptionUtils.java
cz.mff.dpp.args.OptionUtils$Used#$@$#addOption(cz.mff.dpp.args.Option,java.util.List)#$@$#parameters#$@$#PARAMETER	cz.mff.dpp.args.OptionUtils$Used	addOption(cz.mff.dpp.args.Option,java.util.List)	parameters	1	/home/nima/Developer/NJR-ANNOTATED-RUN/dataset/url8752fbdeb0_sixtam_args_tgz-pJ8-cz_mff_dpp_args_examples_ConstraintTestJ8/src/cz/mff/dpp/args/OptionUtils.java
cz.mff.dpp.args.OptionUtils$Used#$@$#addOption(cz.mff.dpp.args.Option,java.util.List)#$@$#getNextPosition#$@$#METHOD	cz.mff.dpp.args.OptionUtils$Used	getNextPosition()	null	null	/home/nima/Developer/NJR-ANNOTATED-RUN/dataset/url8752fbdeb0_sixtam_args_tgz-pJ8-cz_mff_dpp_args_examples_ConstraintTestJ8/src/cz/mff/dpp/args/OptionUtils.java
cz.mff.dpp.args.OptionUtils$Used#$@$#addOption(cz.mff.dpp.args.Option,java.util.List)#$@$#usedOptionPosition.put#$@$#METHOD	java.util.Map	put(K,V)	null	null	null
cz.mff.dpp.args.OptionUtils$Used#$@$#addOption(cz.mff.dpp.args.Option,java.util.List)#$@$#usedOptionPosition#$@$#FIELD	cz.mff.dpp.args.OptionUtils$Used	null	usedOptionPosition	null	/home/nima/Developer/NJR-ANNOTATED-RUN/dataset/url8752fbdeb0_sixtam_args_tgz-pJ8-cz_mff_dpp_args_examples_ConstraintTestJ8/src/cz/mff/dpp/args/OptionUtils.java
cz.mff.dpp.args.OptionUtils$Used#$@$#addOption(cz.mff.dpp.args.Option,java.util.List)#$@$#option#$@$#PARAMETER	cz.mff.dpp.args.OptionUtils$Used	addOption(cz.mff.dpp.args.Option,java.util.List)	option	0	/home/nima/Developer/NJR-ANNOTATED-RUN/dataset/url8752fbdeb0_sixtam_args_tgz-pJ8-cz_mff_dpp_args_examples_ConstraintTestJ8/src/cz/mff/dpp/args/OptionUtils.java
cz.mff.dpp.args.OptionUtils$Used#$@$#addArgument(java.lang.String)#$@$#freeArguments.add#$@$#METHOD	java.util.List	add(E)	null	null	null
cz.mff.dpp.args.OptionUtils$Used#$@$#addArgument(java.lang.String)#$@$#freeArguments#$@$#FIELD	cz.mff.dpp.args.OptionUtils$Used	null	freeArguments	null	/home/nima/Developer/NJR-ANNOTATED-RUN/dataset/url8752fbdeb0_sixtam_args_tgz-pJ8-cz_mff_dpp_args_examples_ConstraintTestJ8/src/cz/mff/dpp/args/OptionUtils.java
cz.mff.dpp.args.OptionUtils$Used#$@$#addArgument(java.lang.String)#$@$#value#$@$#PARAMETER	cz.mff.dpp.args.OptionUtils$Used	addArgument(java.lang.String)	value	0	/home/nima/Developer/NJR-ANNOTATED-RUN/dataset/url8752fbdeb0_sixtam_args_tgz-pJ8-cz_mff_dpp_args_examples_ConstraintTestJ8/src/cz/mff/dpp/args/OptionUtils.java
cz.mff.dpp.args.OptionUtils$Used#$@$#addArgument(java.lang.String)#$@$#getNextPosition#$@$#METHOD	cz.mff.dpp.args.OptionUtils$Used	getNextPosition()	null	null	/home/nima/Developer/NJR-ANNOTATED-RUN/dataset/url8752fbdeb0_sixtam_args_tgz-pJ8-cz_mff_dpp_args_examples_ConstraintTestJ8/src/cz/mff/dpp/args/OptionUtils.java
cz.mff.dpp.args.OptionUtils$Used#$@$#addArgument(java.lang.String)#$@$#freeArgumentsPosition.add#$@$#METHOD	java.util.List	add(E)	null	null	null
cz.mff.dpp.args.OptionUtils$Used#$@$#addArgument(java.lang.String)#$@$#freeArgumentsPosition#$@$#FIELD	cz.mff.dpp.args.OptionUtils$Used	null	freeArgumentsPosition	null	/home/nima/Developer/NJR-ANNOTATED-RUN/dataset/url8752fbdeb0_sixtam_args_tgz-pJ8-cz_mff_dpp_args_examples_ConstraintTestJ8/src/cz/mff/dpp/args/OptionUtils.java
cz.mff.dpp.args.OptionUtils$Used#$@$#addArgument(java.util.List)#$@$#values#$@$#PARAMETER	cz.mff.dpp.args.OptionUtils$Used	addArgument(java.util.List)	values	0	/home/nima/Developer/NJR-ANNOTATED-RUN/dataset/url8752fbdeb0_sixtam_args_tgz-pJ8-cz_mff_dpp_args_examples_ConstraintTestJ8/src/cz/mff/dpp/args/OptionUtils.java
cz.mff.dpp.args.OptionUtils$Used#$@$#addArgument(java.util.List)#$@$#freeArguments.add#$@$#METHOD	java.util.List	add(E)	null	null	null
cz.mff.dpp.args.OptionUtils$Used#$@$#addArgument(java.util.List)#$@$#freeArguments#$@$#FIELD	cz.mff.dpp.args.OptionUtils$Used	null	freeArguments	null	/home/nima/Developer/NJR-ANNOTATED-RUN/dataset/url8752fbdeb0_sixtam_args_tgz-pJ8-cz_mff_dpp_args_examples_ConstraintTestJ8/src/cz/mff/dpp/args/OptionUtils.java
cz.mff.dpp.args.OptionUtils$Used#$@$#addArgument(java.util.List)#$@$#getNextPosition#$@$#METHOD	cz.mff.dpp.args.OptionUtils$Used	getNextPosition()	null	null	/home/nima/Developer/NJR-ANNOTATED-RUN/dataset/url8752fbdeb0_sixtam_args_tgz-pJ8-cz_mff_dpp_args_examples_ConstraintTestJ8/src/cz/mff/dpp/args/OptionUtils.java
cz.mff.dpp.args.OptionUtils$Used#$@$#addArgument(java.util.List)#$@$#freeArgumentsPosition.add#$@$#METHOD	java.util.List	add(E)	null	null	null
cz.mff.dpp.args.OptionUtils$Used#$@$#addArgument(java.util.List)#$@$#freeArgumentsPosition#$@$#FIELD	cz.mff.dpp.args.OptionUtils$Used	null	freeArgumentsPosition	null	/home/nima/Developer/NJR-ANNOTATED-RUN/dataset/url8752fbdeb0_sixtam_args_tgz-pJ8-cz_mff_dpp_args_examples_ConstraintTestJ8/src/cz/mff/dpp/args/OptionUtils.java
cz.mff.dpp.args.OptionUtils$Used#$@$#getArgument(int)#$@$#freeArguments.get#$@$#METHOD	java.util.List	get(int)	null	null	null
cz.mff.dpp.args.OptionUtils$Used#$@$#getArgument(int)#$@$#freeArguments#$@$#FIELD	cz.mff.dpp.args.OptionUtils$Used	null	freeArguments	null	/home/nima/Developer/NJR-ANNOTATED-RUN/dataset/url8752fbdeb0_sixtam_args_tgz-pJ8-cz_mff_dpp_args_examples_ConstraintTestJ8/src/cz/mff/dpp/args/OptionUtils.java
cz.mff.dpp.args.OptionUtils$Used#$@$#getArgument(int)#$@$#index#$@$#PARAMETER	cz.mff.dpp.args.OptionUtils$Used	getArgument(int)	index	0	/home/nima/Developer/NJR-ANNOTATED-RUN/dataset/url8752fbdeb0_sixtam_args_tgz-pJ8-cz_mff_dpp_args_examples_ConstraintTestJ8/src/cz/mff/dpp/args/OptionUtils.java
cz.mff.dpp.args.OptionUtils$Used#$@$#getArgument(int)#$@$#String.format#$@$#METHOD	java.lang.String	format(java.lang.String,java.lang.Object[])	null	null	null
cz.mff.dpp.args.OptionUtils$Used#$@$#getArgument(int)#$@$#index#$@$#PARAMETER	cz.mff.dpp.args.OptionUtils$Used	getArgument(int)	index	0	/home/nima/Developer/NJR-ANNOTATED-RUN/dataset/url8752fbdeb0_sixtam_args_tgz-pJ8-cz_mff_dpp_args_examples_ConstraintTestJ8/src/cz/mff/dpp/args/OptionUtils.java
cz.mff.dpp.args.OptionUtils$Used#$@$#getArgument(int)#$@$#severe#$@$#METHOD	cz.mff.dpp.args.Logger	severe(java.lang.String,java.lang.Object[])	null	null	/home/nima/Developer/NJR-ANNOTATED-RUN/dataset/url8752fbdeb0_sixtam_args_tgz-pJ8-cz_mff_dpp_args_examples_ConstraintTestJ8/src/cz/mff/dpp/args/Logger.java
cz.mff.dpp.args.OptionUtils$Used#$@$#isArgumentUsed(int)#$@$#index#$@$#PARAMETER	cz.mff.dpp.args.OptionUtils$Used	isArgumentUsed(int)	index	0	/home/nima/Developer/NJR-ANNOTATED-RUN/dataset/url8752fbdeb0_sixtam_args_tgz-pJ8-cz_mff_dpp_args_examples_ConstraintTestJ8/src/cz/mff/dpp/args/OptionUtils.java
cz.mff.dpp.args.OptionUtils$Used#$@$#isArgumentUsed(int)#$@$#freeArguments.size#$@$#METHOD	java.util.List	size()	null	null	null
cz.mff.dpp.args.OptionUtils$Used#$@$#isArgumentUsed(int)#$@$#freeArguments#$@$#FIELD	cz.mff.dpp.args.OptionUtils$Used	null	freeArguments	null	/home/nima/Developer/NJR-ANNOTATED-RUN/dataset/url8752fbdeb0_sixtam_args_tgz-pJ8-cz_mff_dpp_args_examples_ConstraintTestJ8/src/cz/mff/dpp/args/OptionUtils.java
cz.mff.dpp.args.OptionUtils$Used#$@$#getArgument(int,int)#$@$#index#$@$#PARAMETER	cz.mff.dpp.args.OptionUtils$Used	getArgument(int,int)	index	0	/home/nima/Developer/NJR-ANNOTATED-RUN/dataset/url8752fbdeb0_sixtam_args_tgz-pJ8-cz_mff_dpp_args_examples_ConstraintTestJ8/src/cz/mff/dpp/args/OptionUtils.java
cz.mff.dpp.args.OptionUtils$Used#$@$#getArgument(int,int)#$@$#size#$@$#PARAMETER	cz.mff.dpp.args.OptionUtils$Used	getArgument(int,int)	size	1	/home/nima/Developer/NJR-ANNOTATED-RUN/dataset/url8752fbdeb0_sixtam_args_tgz-pJ8-cz_mff_dpp_args_examples_ConstraintTestJ8/src/cz/mff/dpp/args/OptionUtils.java
cz.mff.dpp.args.OptionUtils$Used#$@$#getArgument(int,int)#$@$#freeArguments.size#$@$#METHOD	java.util.List	size()	null	null	null
cz.mff.dpp.args.OptionUtils$Used#$@$#getArgument(int,int)#$@$#freeArguments#$@$#FIELD	cz.mff.dpp.args.OptionUtils$Used	null	freeArguments	null	/home/nima/Developer/NJR-ANNOTATED-RUN/dataset/url8752fbdeb0_sixtam_args_tgz-pJ8-cz_mff_dpp_args_examples_ConstraintTestJ8/src/cz/mff/dpp/args/OptionUtils.java
cz.mff.dpp.args.OptionUtils$Used#$@$#getArgument(int,int)#$@$#size#$@$#PARAMETER	cz.mff.dpp.args.OptionUtils$Used	getArgument(int,int)	size	1	/home/nima/Developer/NJR-ANNOTATED-RUN/dataset/url8752fbdeb0_sixtam_args_tgz-pJ8-cz_mff_dpp_args_examples_ConstraintTestJ8/src/cz/mff/dpp/args/OptionUtils.java
cz.mff.dpp.args.OptionUtils$Used#$@$#getArgument(int,int)#$@$#freeArguments.subList#$@$#METHOD	java.util.List	subList(int,int)	null	null	null
cz.mff.dpp.args.OptionUtils$Used#$@$#getArgument(int,int)#$@$#freeArguments#$@$#FIELD	cz.mff.dpp.args.OptionUtils$Used	null	freeArguments	null	/home/nima/Developer/NJR-ANNOTATED-RUN/dataset/url8752fbdeb0_sixtam_args_tgz-pJ8-cz_mff_dpp_args_examples_ConstraintTestJ8/src/cz/mff/dpp/args/OptionUtils.java
cz.mff.dpp.args.OptionUtils$Used#$@$#getArgument(int,int)#$@$#String.format#$@$#METHOD	java.lang.String	format(java.lang.String,java.lang.Object[])	null	null	null
cz.mff.dpp.args.OptionUtils$Used#$@$#getArgument(int,int)#$@$#severe#$@$#METHOD	cz.mff.dpp.args.Logger	severe(java.lang.String,java.lang.Object[])	null	null	/home/nima/Developer/NJR-ANNOTATED-RUN/dataset/url8752fbdeb0_sixtam_args_tgz-pJ8-cz_mff_dpp_args_examples_ConstraintTestJ8/src/cz/mff/dpp/args/Logger.java
cz.mff.dpp.args.OptionUtils$Used#$@$#getOptionParams(cz.mff.dpp.args.Option)#$@$#usedOptionParams.get#$@$#METHOD	java.util.Map	get(java.lang.Object)	null	null	null
cz.mff.dpp.args.OptionUtils$Used#$@$#getOptionParams(cz.mff.dpp.args.Option)#$@$#usedOptionParams#$@$#FIELD	cz.mff.dpp.args.OptionUtils$Used	null	usedOptionParams	null	/home/nima/Developer/NJR-ANNOTATED-RUN/dataset/url8752fbdeb0_sixtam_args_tgz-pJ8-cz_mff_dpp_args_examples_ConstraintTestJ8/src/cz/mff/dpp/args/OptionUtils.java
cz.mff.dpp.args.OptionUtils$Used#$@$#getOptionParams(cz.mff.dpp.args.Option)#$@$#option#$@$#PARAMETER	cz.mff.dpp.args.OptionUtils$Used	getOptionParams(cz.mff.dpp.args.Option)	option	0	/home/nima/Developer/NJR-ANNOTATED-RUN/dataset/url8752fbdeb0_sixtam_args_tgz-pJ8-cz_mff_dpp_args_examples_ConstraintTestJ8/src/cz/mff/dpp/args/OptionUtils.java
cz.mff.dpp.args.OptionUtils$Used#$@$#getOptionPosition(cz.mff.dpp.args.Option)#$@$#usedOptionPosition.get#$@$#METHOD	java.util.Map	get(java.lang.Object)	null	null	null
cz.mff.dpp.args.OptionUtils$Used#$@$#getOptionPosition(cz.mff.dpp.args.Option)#$@$#usedOptionPosition#$@$#FIELD	cz.mff.dpp.args.OptionUtils$Used	null	usedOptionPosition	null	/home/nima/Developer/NJR-ANNOTATED-RUN/dataset/url8752fbdeb0_sixtam_args_tgz-pJ8-cz_mff_dpp_args_examples_ConstraintTestJ8/src/cz/mff/dpp/args/OptionUtils.java
cz.mff.dpp.args.OptionUtils$Used#$@$#getOptionPosition(cz.mff.dpp.args.Option)#$@$#option#$@$#PARAMETER	cz.mff.dpp.args.OptionUtils$Used	getOptionPosition(cz.mff.dpp.args.Option)	option	0	/home/nima/Developer/NJR-ANNOTATED-RUN/dataset/url8752fbdeb0_sixtam_args_tgz-pJ8-cz_mff_dpp_args_examples_ConstraintTestJ8/src/cz/mff/dpp/args/OptionUtils.java
cz.mff.dpp.args.OptionUtils$Used#$@$#getUsedOptions()#$@$#usedOptionParams.keySet#$@$#METHOD	java.util.Map	keySet()	null	null	null
cz.mff.dpp.args.OptionUtils$Used#$@$#getUsedOptions()#$@$#usedOptionParams#$@$#FIELD	cz.mff.dpp.args.OptionUtils$Used	null	usedOptionParams	null	/home/nima/Developer/NJR-ANNOTATED-RUN/dataset/url8752fbdeb0_sixtam_args_tgz-pJ8-cz_mff_dpp_args_examples_ConstraintTestJ8/src/cz/mff/dpp/args/OptionUtils.java
cz.mff.dpp.args.OptionUtils$Used#$@$#isOptionUsed(cz.mff.dpp.args.Option)#$@$#usedOptionParams.containsKey#$@$#METHOD	java.util.Map	containsKey(java.lang.Object)	null	null	null
cz.mff.dpp.args.OptionUtils$Used#$@$#isOptionUsed(cz.mff.dpp.args.Option)#$@$#usedOptionParams#$@$#FIELD	cz.mff.dpp.args.OptionUtils$Used	null	usedOptionParams	null	/home/nima/Developer/NJR-ANNOTATED-RUN/dataset/url8752fbdeb0_sixtam_args_tgz-pJ8-cz_mff_dpp_args_examples_ConstraintTestJ8/src/cz/mff/dpp/args/OptionUtils.java
cz.mff.dpp.args.OptionUtils$Used#$@$#isOptionUsed(cz.mff.dpp.args.Option)#$@$#option#$@$#PARAMETER	cz.mff.dpp.args.OptionUtils$Used	isOptionUsed(cz.mff.dpp.args.Option)	option	0	/home/nima/Developer/NJR-ANNOTATED-RUN/dataset/url8752fbdeb0_sixtam_args_tgz-pJ8-cz_mff_dpp_args_examples_ConstraintTestJ8/src/cz/mff/dpp/args/OptionUtils.java
cz.mff.dpp.args.OptionUtils$Used#$@$#getNextPosition()#$@$#position#$@$#FIELD	cz.mff.dpp.args.OptionUtils$Used	null	position	null	/home/nima/Developer/NJR-ANNOTATED-RUN/dataset/url8752fbdeb0_sixtam_args_tgz-pJ8-cz_mff_dpp_args_examples_ConstraintTestJ8/src/cz/mff/dpp/args/OptionUtils.java
cz.mff.dpp.args.Inspector#$@$#Inspector(cz.mff.dpp.args.Introspector,cz.mff.dpp.args.OptionUtils.Used)#$@$#this.annotatedObjects#$@$#FIELD	cz.mff.dpp.args.Inspector	null	annotatedObjects	null	/home/nima/Developer/NJR-ANNOTATED-RUN/dataset/url8752fbdeb0_sixtam_args_tgz-pJ8-cz_mff_dpp_args_examples_ConstraintTestJ8/src/cz/mff/dpp/args/Inspector.java
cz.mff.dpp.args.Inspector#$@$#Inspector(cz.mff.dpp.args.Introspector,cz.mff.dpp.args.OptionUtils.Used)#$@$#this#$@$#FIELD	cz.mff.dpp.args.Inspector	null	this	null	/home/nima/Developer/NJR-ANNOTATED-RUN/dataset/url8752fbdeb0_sixtam_args_tgz-pJ8-cz_mff_dpp_args_examples_ConstraintTestJ8/src/cz/mff/dpp/args/Inspector.java
cz.mff.dpp.args.Inspector#$@$#Inspector(cz.mff.dpp.args.Introspector,cz.mff.dpp.args.OptionUtils.Used)#$@$#annotatedObjects#$@$#PARAMETER	cz.mff.dpp.args.Inspector	Inspector(cz.mff.dpp.args.Introspector,cz.mff.dpp.args.OptionUtils.Used)	annotatedObjects	0	/home/nima/Developer/NJR-ANNOTATED-RUN/dataset/url8752fbdeb0_sixtam_args_tgz-pJ8-cz_mff_dpp_args_examples_ConstraintTestJ8/src/cz/mff/dpp/args/Inspector.java
cz.mff.dpp.args.Inspector#$@$#Inspector(cz.mff.dpp.args.Introspector,cz.mff.dpp.args.OptionUtils.Used)#$@$#this.used#$@$#FIELD	cz.mff.dpp.args.Inspector	null	used	null	/home/nima/Developer/NJR-ANNOTATED-RUN/dataset/url8752fbdeb0_sixtam_args_tgz-pJ8-cz_mff_dpp_args_examples_ConstraintTestJ8/src/cz/mff/dpp/args/Inspector.java
cz.mff.dpp.args.Inspector#$@$#Inspector(cz.mff.dpp.args.Introspector,cz.mff.dpp.args.OptionUtils.Used)#$@$#this#$@$#FIELD	cz.mff.dpp.args.Inspector	null	this	null	/home/nima/Developer/NJR-ANNOTATED-RUN/dataset/url8752fbdeb0_sixtam_args_tgz-pJ8-cz_mff_dpp_args_examples_ConstraintTestJ8/src/cz/mff/dpp/args/Inspector.java
cz.mff.dpp.args.Inspector#$@$#Inspector(cz.mff.dpp.args.Introspector,cz.mff.dpp.args.OptionUtils.Used)#$@$#used#$@$#PARAMETER	cz.mff.dpp.args.Inspector	Inspector(cz.mff.dpp.args.Introspector,cz.mff.dpp.args.OptionUtils.Used)	used	1	/home/nima/Developer/NJR-ANNOTATED-RUN/dataset/url8752fbdeb0_sixtam_args_tgz-pJ8-cz_mff_dpp_args_examples_ConstraintTestJ8/src/cz/mff/dpp/args/Inspector.java
cz.mff.dpp.args.Inspector#$@$#check()#$@$#checkAllRequiredOptionsUsed#$@$#METHOD	cz.mff.dpp.args.Inspector	checkAllRequiredOptionsUsed()	null	null	/home/nima/Developer/NJR-ANNOTATED-RUN/dataset/url8752fbdeb0_sixtam_args_tgz-pJ8-cz_mff_dpp_args_examples_ConstraintTestJ8/src/cz/mff/dpp/args/Inspector.java
cz.mff.dpp.args.Inspector#$@$#check()#$@$#checkCompatibility#$@$#METHOD	cz.mff.dpp.args.Inspector	checkCompatibility()	null	null	/home/nima/Developer/NJR-ANNOTATED-RUN/dataset/url8752fbdeb0_sixtam_args_tgz-pJ8-cz_mff_dpp_args_examples_ConstraintTestJ8/src/cz/mff/dpp/args/Inspector.java
cz.mff.dpp.args.Inspector#$@$#check()#$@$#checkAllRequiredArgumentsUsed#$@$#METHOD	cz.mff.dpp.args.Inspector	checkAllRequiredArgumentsUsed()	null	null	/home/nima/Developer/NJR-ANNOTATED-RUN/dataset/url8752fbdeb0_sixtam_args_tgz-pJ8-cz_mff_dpp_args_examples_ConstraintTestJ8/src/cz/mff/dpp/args/Inspector.java
cz.mff.dpp.args.Inspector#$@$#check()#$@$#passed#$@$#FIELD	cz.mff.dpp.args.Inspector	null	passed	null	/home/nima/Developer/NJR-ANNOTATED-RUN/dataset/url8752fbdeb0_sixtam_args_tgz-pJ8-cz_mff_dpp_args_examples_ConstraintTestJ8/src/cz/mff/dpp/args/Inspector.java
cz.mff.dpp.args.Inspector#$@$#checkAllRequiredOptionsUsed()#$@$#annotatedObjects.getDeclaredOptions#$@$#METHOD	cz.mff.dpp.args.Introspector	getDeclaredOptions()	null	null	/home/nima/Developer/NJR-ANNOTATED-RUN/dataset/url8752fbdeb0_sixtam_args_tgz-pJ8-cz_mff_dpp_args_examples_ConstraintTestJ8/src/cz/mff/dpp/args/Introspector.java
cz.mff.dpp.args.Inspector#$@$#checkAllRequiredOptionsUsed()#$@$#annotatedObjects#$@$#FIELD	cz.mff.dpp.args.Inspector	null	annotatedObjects	null	/home/nima/Developer/NJR-ANNOTATED-RUN/dataset/url8752fbdeb0_sixtam_args_tgz-pJ8-cz_mff_dpp_args_examples_ConstraintTestJ8/src/cz/mff/dpp/args/Inspector.java
cz.mff.dpp.args.Inspector#$@$#checkAllRequiredOptionsUsed()#$@$#option.required#$@$#METHOD	cz.mff.dpp.args.Option	required()	null	null	/home/nima/Developer/NJR-ANNOTATED-RUN/dataset/url8752fbdeb0_sixtam_args_tgz-pJ8-cz_mff_dpp_args_examples_ConstraintTestJ8/src/cz/mff/dpp/args/Option.java
cz.mff.dpp.args.Inspector#$@$#checkAllRequiredOptionsUsed()#$@$#used.isOptionUsed#$@$#METHOD	cz.mff.dpp.args.OptionUtils$Used	isOptionUsed(cz.mff.dpp.args.Option)	null	null	/home/nima/Developer/NJR-ANNOTATED-RUN/dataset/url8752fbdeb0_sixtam_args_tgz-pJ8-cz_mff_dpp_args_examples_ConstraintTestJ8/src/cz/mff/dpp/args/OptionUtils.java
cz.mff.dpp.args.Inspector#$@$#checkAllRequiredOptionsUsed()#$@$#used#$@$#FIELD	cz.mff.dpp.args.Inspector	null	used	null	/home/nima/Developer/NJR-ANNOTATED-RUN/dataset/url8752fbdeb0_sixtam_args_tgz-pJ8-cz_mff_dpp_args_examples_ConstraintTestJ8/src/cz/mff/dpp/args/Inspector.java
cz.mff.dpp.args.Inspector#$@$#checkAllRequiredOptionsUsed()#$@$#logError#$@$#METHOD	cz.mff.dpp.args.Inspector	logError(java.lang.String,java.lang.Object[])	null	null	/home/nima/Developer/NJR-ANNOTATED-RUN/dataset/url8752fbdeb0_sixtam_args_tgz-pJ8-cz_mff_dpp_args_examples_ConstraintTestJ8/src/cz/mff/dpp/args/Inspector.java
cz.mff.dpp.args.Inspector#$@$#checkAllRequiredOptionsUsed()#$@$#option.name#$@$#METHOD	cz.mff.dpp.args.Option	name()	null	null	/home/nima/Developer/NJR-ANNOTATED-RUN/dataset/url8752fbdeb0_sixtam_args_tgz-pJ8-cz_mff_dpp_args_examples_ConstraintTestJ8/src/cz/mff/dpp/args/Option.java
cz.mff.dpp.args.Inspector#$@$#checkCompatibility()#$@$#used.getUsedOptions#$@$#METHOD	cz.mff.dpp.args.OptionUtils$Used	getUsedOptions()	null	null	/home/nima/Developer/NJR-ANNOTATED-RUN/dataset/url8752fbdeb0_sixtam_args_tgz-pJ8-cz_mff_dpp_args_examples_ConstraintTestJ8/src/cz/mff/dpp/args/OptionUtils.java
cz.mff.dpp.args.Inspector#$@$#checkCompatibility()#$@$#used#$@$#FIELD	cz.mff.dpp.args.Inspector	null	used	null	/home/nima/Developer/NJR-ANNOTATED-RUN/dataset/url8752fbdeb0_sixtam_args_tgz-pJ8-cz_mff_dpp_args_examples_ConstraintTestJ8/src/cz/mff/dpp/args/Inspector.java
cz.mff.dpp.args.Inspector#$@$#checkCompatibility()#$@$#checkIncompatibleOptionsUsed#$@$#METHOD	cz.mff.dpp.args.Inspector	checkIncompatibleOptionsUsed(cz.mff.dpp.args.Option)	null	null	/home/nima/Developer/NJR-ANNOTATED-RUN/dataset/url8752fbdeb0_sixtam_args_tgz-pJ8-cz_mff_dpp_args_examples_ConstraintTestJ8/src/cz/mff/dpp/args/Inspector.java
cz.mff.dpp.args.Inspector#$@$#checkCompatibility()#$@$#checkDependentOptionsUsed#$@$#METHOD	cz.mff.dpp.args.Inspector	checkDependentOptionsUsed(cz.mff.dpp.args.Option)	null	null	/home/nima/Developer/NJR-ANNOTATED-RUN/dataset/url8752fbdeb0_sixtam_args_tgz-pJ8-cz_mff_dpp_args_examples_ConstraintTestJ8/src/cz/mff/dpp/args/Inspector.java
cz.mff.dpp.args.Inspector#$@$#checkIncompatibleOptionsUsed(cz.mff.dpp.args.Option)#$@$#usedOption.incompatible#$@$#METHOD	cz.mff.dpp.args.Option	incompatible()	null	null	/home/nima/Developer/NJR-ANNOTATED-RUN/dataset/url8752fbdeb0_sixtam_args_tgz-pJ8-cz_mff_dpp_args_examples_ConstraintTestJ8/src/cz/mff/dpp/args/Option.java
cz.mff.dpp.args.Inspector#$@$#checkIncompatibleOptionsUsed(cz.mff.dpp.args.Option)#$@$#usedOption#$@$#PARAMETER	cz.mff.dpp.args.Inspector	checkIncompatibleOptionsUsed(cz.mff.dpp.args.Option)	usedOption	0	/home/nima/Developer/NJR-ANNOTATED-RUN/dataset/url8752fbdeb0_sixtam_args_tgz-pJ8-cz_mff_dpp_args_examples_ConstraintTestJ8/src/cz/mff/dpp/args/Inspector.java
cz.mff.dpp.args.Inspector#$@$#checkIncompatibleOptionsUsed(cz.mff.dpp.args.Option)#$@$#annotatedObjects.nameToOption#$@$#METHOD	cz.mff.dpp.args.Introspector	nameToOption(java.lang.String)	null	null	/home/nima/Developer/NJR-ANNOTATED-RUN/dataset/url8752fbdeb0_sixtam_args_tgz-pJ8-cz_mff_dpp_args_examples_ConstraintTestJ8/src/cz/mff/dpp/args/Introspector.java
cz.mff.dpp.args.Inspector#$@$#checkIncompatibleOptionsUsed(cz.mff.dpp.args.Option)#$@$#annotatedObjects#$@$#FIELD	cz.mff.dpp.args.Inspector	null	annotatedObjects	null	/home/nima/Developer/NJR-ANNOTATED-RUN/dataset/url8752fbdeb0_sixtam_args_tgz-pJ8-cz_mff_dpp_args_examples_ConstraintTestJ8/src/cz/mff/dpp/args/Inspector.java
cz.mff.dpp.args.Inspector#$@$#checkIncompatibleOptionsUsed(cz.mff.dpp.args.Option)#$@$#used.isOptionUsed#$@$#METHOD	cz.mff.dpp.args.OptionUtils$Used	isOptionUsed(cz.mff.dpp.args.Option)	null	null	/home/nima/Developer/NJR-ANNOTATED-RUN/dataset/url8752fbdeb0_sixtam_args_tgz-pJ8-cz_mff_dpp_args_examples_ConstraintTestJ8/src/cz/mff/dpp/args/OptionUtils.java
cz.mff.dpp.args.Inspector#$@$#checkIncompatibleOptionsUsed(cz.mff.dpp.args.Option)#$@$#used#$@$#FIELD	cz.mff.dpp.args.Inspector	null	used	null	/home/nima/Developer/NJR-ANNOTATED-RUN/dataset/url8752fbdeb0_sixtam_args_tgz-pJ8-cz_mff_dpp_args_examples_ConstraintTestJ8/src/cz/mff/dpp/args/Inspector.java
cz.mff.dpp.args.Inspector#$@$#checkIncompatibleOptionsUsed(cz.mff.dpp.args.Option)#$@$#logError#$@$#METHOD	cz.mff.dpp.args.Inspector	logError(java.lang.String,java.lang.Object[])	null	null	/home/nima/Developer/NJR-ANNOTATED-RUN/dataset/url8752fbdeb0_sixtam_args_tgz-pJ8-cz_mff_dpp_args_examples_ConstraintTestJ8/src/cz/mff/dpp/args/Inspector.java
cz.mff.dpp.args.Inspector#$@$#checkIncompatibleOptionsUsed(cz.mff.dpp.args.Option)#$@$#usedOption.name#$@$#METHOD	cz.mff.dpp.args.Option	name()	null	null	/home/nima/Developer/NJR-ANNOTATED-RUN/dataset/url8752fbdeb0_sixtam_args_tgz-pJ8-cz_mff_dpp_args_examples_ConstraintTestJ8/src/cz/mff/dpp/args/Option.java
cz.mff.dpp.args.Inspector#$@$#checkIncompatibleOptionsUsed(cz.mff.dpp.args.Option)#$@$#usedOption#$@$#PARAMETER	cz.mff.dpp.args.Inspector	checkIncompatibleOptionsUsed(cz.mff.dpp.args.Option)	usedOption	0	/home/nima/Developer/NJR-ANNOTATED-RUN/dataset/url8752fbdeb0_sixtam_args_tgz-pJ8-cz_mff_dpp_args_examples_ConstraintTestJ8/src/cz/mff/dpp/args/Inspector.java
cz.mff.dpp.args.Inspector#$@$#checkIncompatibleOptionsUsed(cz.mff.dpp.args.Option)#$@$#incompatibleOption.name#$@$#METHOD	cz.mff.dpp.args.Option	name()	null	null	/home/nima/Developer/NJR-ANNOTATED-RUN/dataset/url8752fbdeb0_sixtam_args_tgz-pJ8-cz_mff_dpp_args_examples_ConstraintTestJ8/src/cz/mff/dpp/args/Option.java
cz.mff.dpp.args.Inspector#$@$#checkDependentOptionsUsed(cz.mff.dpp.args.Option)#$@$#usedOption.mustUseWith#$@$#METHOD	cz.mff.dpp.args.Option	mustUseWith()	null	null	/home/nima/Developer/NJR-ANNOTATED-RUN/dataset/url8752fbdeb0_sixtam_args_tgz-pJ8-cz_mff_dpp_args_examples_ConstraintTestJ8/src/cz/mff/dpp/args/Option.java
cz.mff.dpp.args.Inspector#$@$#checkDependentOptionsUsed(cz.mff.dpp.args.Option)#$@$#usedOption#$@$#PARAMETER	cz.mff.dpp.args.Inspector	checkDependentOptionsUsed(cz.mff.dpp.args.Option)	usedOption	0	/home/nima/Developer/NJR-ANNOTATED-RUN/dataset/url8752fbdeb0_sixtam_args_tgz-pJ8-cz_mff_dpp_args_examples_ConstraintTestJ8/src/cz/mff/dpp/args/Inspector.java
cz.mff.dpp.args.Inspector#$@$#checkDependentOptionsUsed(cz.mff.dpp.args.Option)#$@$#annotatedObjects.nameToOption#$@$#METHOD	cz.mff.dpp.args.Introspector	nameToOption(java.lang.String)	null	null	/home/nima/Developer/NJR-ANNOTATED-RUN/dataset/url8752fbdeb0_sixtam_args_tgz-pJ8-cz_mff_dpp_args_examples_ConstraintTestJ8/src/cz/mff/dpp/args/Introspector.java
cz.mff.dpp.args.Inspector#$@$#checkDependentOptionsUsed(cz.mff.dpp.args.Option)#$@$#annotatedObjects#$@$#FIELD	cz.mff.dpp.args.Inspector	null	annotatedObjects	null	/home/nima/Developer/NJR-ANNOTATED-RUN/dataset/url8752fbdeb0_sixtam_args_tgz-pJ8-cz_mff_dpp_args_examples_ConstraintTestJ8/src/cz/mff/dpp/args/Inspector.java
cz.mff.dpp.args.Inspector#$@$#checkDependentOptionsUsed(cz.mff.dpp.args.Option)#$@$#used.isOptionUsed#$@$#METHOD	cz.mff.dpp.args.OptionUtils$Used	isOptionUsed(cz.mff.dpp.args.Option)	null	null	/home/nima/Developer/NJR-ANNOTATED-RUN/dataset/url8752fbdeb0_sixtam_args_tgz-pJ8-cz_mff_dpp_args_examples_ConstraintTestJ8/src/cz/mff/dpp/args/OptionUtils.java
cz.mff.dpp.args.Inspector#$@$#checkDependentOptionsUsed(cz.mff.dpp.args.Option)#$@$#used#$@$#FIELD	cz.mff.dpp.args.Inspector	null	used	null	/home/nima/Developer/NJR-ANNOTATED-RUN/dataset/url8752fbdeb0_sixtam_args_tgz-pJ8-cz_mff_dpp_args_examples_ConstraintTestJ8/src/cz/mff/dpp/args/Inspector.java
cz.mff.dpp.args.Inspector#$@$#checkDependentOptionsUsed(cz.mff.dpp.args.Option)#$@$#logError#$@$#METHOD	cz.mff.dpp.args.Inspector	logError(java.lang.String,java.lang.Object[])	null	null	/home/nima/Developer/NJR-ANNOTATED-RUN/dataset/url8752fbdeb0_sixtam_args_tgz-pJ8-cz_mff_dpp_args_examples_ConstraintTestJ8/src/cz/mff/dpp/args/Inspector.java
cz.mff.dpp.args.Inspector#$@$#checkDependentOptionsUsed(cz.mff.dpp.args.Option)#$@$#usedOption.name#$@$#METHOD	cz.mff.dpp.args.Option	name()	null	null	/home/nima/Developer/NJR-ANNOTATED-RUN/dataset/url8752fbdeb0_sixtam_args_tgz-pJ8-cz_mff_dpp_args_examples_ConstraintTestJ8/src/cz/mff/dpp/args/Option.java
cz.mff.dpp.args.Inspector#$@$#checkDependentOptionsUsed(cz.mff.dpp.args.Option)#$@$#usedOption#$@$#PARAMETER	cz.mff.dpp.args.Inspector	checkDependentOptionsUsed(cz.mff.dpp.args.Option)	usedOption	0	/home/nima/Developer/NJR-ANNOTATED-RUN/dataset/url8752fbdeb0_sixtam_args_tgz-pJ8-cz_mff_dpp_args_examples_ConstraintTestJ8/src/cz/mff/dpp/args/Inspector.java
cz.mff.dpp.args.Inspector#$@$#checkDependentOptionsUsed(cz.mff.dpp.args.Option)#$@$#useOnlyWithOption.name#$@$#METHOD	cz.mff.dpp.args.Option	name()	null	null	/home/nima/Developer/NJR-ANNOTATED-RUN/dataset/url8752fbdeb0_sixtam_args_tgz-pJ8-cz_mff_dpp_args_examples_ConstraintTestJ8/src/cz/mff/dpp/args/Option.java
cz.mff.dpp.args.Inspector#$@$#checkAllRequiredArgumentsUsed()#$@$#annotatedObjects.getArguments#$@$#METHOD	cz.mff.dpp.args.Introspector	getArguments()	null	null	/home/nima/Developer/NJR-ANNOTATED-RUN/dataset/url8752fbdeb0_sixtam_args_tgz-pJ8-cz_mff_dpp_args_examples_ConstraintTestJ8/src/cz/mff/dpp/args/Introspector.java
cz.mff.dpp.args.Inspector#$@$#checkAllRequiredArgumentsUsed()#$@$#annotatedObjects#$@$#FIELD	cz.mff.dpp.args.Inspector	null	annotatedObjects	null	/home/nima/Developer/NJR-ANNOTATED-RUN/dataset/url8752fbdeb0_sixtam_args_tgz-pJ8-cz_mff_dpp_args_examples_ConstraintTestJ8/src/cz/mff/dpp/args/Inspector.java
cz.mff.dpp.args.Inspector#$@$#checkAllRequiredArgumentsUsed()#$@$#arguments.getValue#$@$#METHOD	java.util.Map$Entry	getValue()	null	null	null
cz.mff.dpp.args.Inspector#$@$#checkAllRequiredArgumentsUsed()#$@$#argument.required#$@$#METHOD	cz.mff.dpp.args.Argument	required()	null	null	/home/nima/Developer/NJR-ANNOTATED-RUN/dataset/url8752fbdeb0_sixtam_args_tgz-pJ8-cz_mff_dpp_args_examples_ConstraintTestJ8/src/cz/mff/dpp/args/Argument.java
cz.mff.dpp.args.Inspector#$@$#checkAllRequiredArgumentsUsed()#$@$#used.isArgumentUsed#$@$#METHOD	cz.mff.dpp.args.OptionUtils$Used	isArgumentUsed(int)	null	null	/home/nima/Developer/NJR-ANNOTATED-RUN/dataset/url8752fbdeb0_sixtam_args_tgz-pJ8-cz_mff_dpp_args_examples_ConstraintTestJ8/src/cz/mff/dpp/args/OptionUtils.java
cz.mff.dpp.args.Inspector#$@$#checkAllRequiredArgumentsUsed()#$@$#used#$@$#FIELD	cz.mff.dpp.args.Inspector	null	used	null	/home/nima/Developer/NJR-ANNOTATED-RUN/dataset/url8752fbdeb0_sixtam_args_tgz-pJ8-cz_mff_dpp_args_examples_ConstraintTestJ8/src/cz/mff/dpp/args/Inspector.java
cz.mff.dpp.args.Inspector#$@$#checkAllRequiredArgumentsUsed()#$@$#argument.index#$@$#METHOD	cz.mff.dpp.args.Argument	index()	null	null	/home/nima/Developer/NJR-ANNOTATED-RUN/dataset/url8752fbdeb0_sixtam_args_tgz-pJ8-cz_mff_dpp_args_examples_ConstraintTestJ8/src/cz/mff/dpp/args/Argument.java
cz.mff.dpp.args.Inspector#$@$#checkAllRequiredArgumentsUsed()#$@$#logError#$@$#METHOD	cz.mff.dpp.args.Inspector	logError(java.lang.String,java.lang.Object[])	null	null	/home/nima/Developer/NJR-ANNOTATED-RUN/dataset/url8752fbdeb0_sixtam_args_tgz-pJ8-cz_mff_dpp_args_examples_ConstraintTestJ8/src/cz/mff/dpp/args/Inspector.java
cz.mff.dpp.args.Inspector#$@$#checkAllRequiredArgumentsUsed()#$@$#argument.name#$@$#METHOD	cz.mff.dpp.args.Argument	name()	null	null	/home/nima/Developer/NJR-ANNOTATED-RUN/dataset/url8752fbdeb0_sixtam_args_tgz-pJ8-cz_mff_dpp_args_examples_ConstraintTestJ8/src/cz/mff/dpp/args/Argument.java
cz.mff.dpp.args.Inspector#$@$#checkAllRequiredArgumentsUsed()#$@$#argument.index#$@$#METHOD	cz.mff.dpp.args.Argument	index()	null	null	/home/nima/Developer/NJR-ANNOTATED-RUN/dataset/url8752fbdeb0_sixtam_args_tgz-pJ8-cz_mff_dpp_args_examples_ConstraintTestJ8/src/cz/mff/dpp/args/Argument.java
cz.mff.dpp.args.Inspector#$@$#logError(java.lang.String,java.lang.Object[])#$@$#severe#$@$#METHOD	cz.mff.dpp.args.Logger	severe(java.lang.String,java.lang.Object[])	null	null	/home/nima/Developer/NJR-ANNOTATED-RUN/dataset/url8752fbdeb0_sixtam_args_tgz-pJ8-cz_mff_dpp_args_examples_ConstraintTestJ8/src/cz/mff/dpp/args/Logger.java
cz.mff.dpp.args.Inspector#$@$#logError(java.lang.String,java.lang.Object[])#$@$#format#$@$#PARAMETER	cz.mff.dpp.args.Inspector	logError(java.lang.String,java.lang.Object[])	format	0	/home/nima/Developer/NJR-ANNOTATED-RUN/dataset/url8752fbdeb0_sixtam_args_tgz-pJ8-cz_mff_dpp_args_examples_ConstraintTestJ8/src/cz/mff/dpp/args/Inspector.java
cz.mff.dpp.args.Inspector#$@$#logError(java.lang.String,java.lang.Object[])#$@$#args#$@$#PARAMETER	cz.mff.dpp.args.Inspector	logError(java.lang.String,java.lang.Object[])	args	1	/home/nima/Developer/NJR-ANNOTATED-RUN/dataset/url8752fbdeb0_sixtam_args_tgz-pJ8-cz_mff_dpp_args_examples_ConstraintTestJ8/src/cz/mff/dpp/args/Inspector.java
cz.mff.dpp.args.Inspector#$@$#logError(java.lang.String,java.lang.Object[])#$@$#passed#$@$#FIELD	cz.mff.dpp.args.Inspector	null	passed	null	/home/nima/Developer/NJR-ANNOTATED-RUN/dataset/url8752fbdeb0_sixtam_args_tgz-pJ8-cz_mff_dpp_args_examples_ConstraintTestJ8/src/cz/mff/dpp/args/Inspector.java
cz.mff.dpp.args.Configurator#$@$#set(java.lang.Object,java.lang.reflect.AccessibleObject,java.util.List)#$@$#ReflectUtils.getValueType#$@$#METHOD	cz.mff.dpp.args.ReflectUtils	getValueType(java.lang.reflect.AccessibleObject)	null	null	/home/nima/Developer/NJR-ANNOTATED-RUN/dataset/url8752fbdeb0_sixtam_args_tgz-pJ8-cz_mff_dpp_args_examples_ConstraintTestJ8/src/cz/mff/dpp/args/ReflectUtils.java
cz.mff.dpp.args.Configurator#$@$#set(java.lang.Object,java.lang.reflect.AccessibleObject,java.util.List)#$@$#accessible#$@$#PARAMETER	cz.mff.dpp.args.Configurator	set(java.lang.Object,java.lang.reflect.AccessibleObject,java.util.List)	accessible	1	/home/nima/Developer/NJR-ANNOTATED-RUN/dataset/url8752fbdeb0_sixtam_args_tgz-pJ8-cz_mff_dpp_args_examples_ConstraintTestJ8/src/cz/mff/dpp/args/Configurator.java
cz.mff.dpp.args.Configurator#$@$#set(java.lang.Object,java.lang.reflect.AccessibleObject,java.util.List)#$@$#ReflectUtils.isFlagType#$@$#METHOD	cz.mff.dpp.args.ReflectUtils	isFlagType(java.lang.reflect.AccessibleObject)	null	null	/home/nima/Developer/NJR-ANNOTATED-RUN/dataset/url8752fbdeb0_sixtam_args_tgz-pJ8-cz_mff_dpp_args_examples_ConstraintTestJ8/src/cz/mff/dpp/args/ReflectUtils.java
cz.mff.dpp.args.Configurator#$@$#set(java.lang.Object,java.lang.reflect.AccessibleObject,java.util.List)#$@$#accessible#$@$#PARAMETER	cz.mff.dpp.args.Configurator	set(java.lang.Object,java.lang.reflect.AccessibleObject,java.util.List)	accessible	1	/home/nima/Developer/NJR-ANNOTATED-RUN/dataset/url8752fbdeb0_sixtam_args_tgz-pJ8-cz_mff_dpp_args_examples_ConstraintTestJ8/src/cz/mff/dpp/args/Configurator.java
cz.mff.dpp.args.Configurator#$@$#set(java.lang.Object,java.lang.reflect.AccessibleObject,java.util.List)#$@$#accessible#$@$#PARAMETER	cz.mff.dpp.args.Configurator	set(java.lang.Object,java.lang.reflect.AccessibleObject,java.util.List)	accessible	1	/home/nima/Developer/NJR-ANNOTATED-RUN/dataset/url8752fbdeb0_sixtam_args_tgz-pJ8-cz_mff_dpp_args_examples_ConstraintTestJ8/src/cz/mff/dpp/args/Configurator.java
cz.mff.dpp.args.Configurator#$@$#set(java.lang.Object,java.lang.reflect.AccessibleObject,java.util.List)#$@$#stringValues.size#$@$#METHOD	java.util.List	size()	null	null	null
cz.mff.dpp.args.Configurator#$@$#set(java.lang.Object,java.lang.reflect.AccessibleObject,java.util.List)#$@$#stringValues#$@$#PARAMETER	cz.mff.dpp.args.Configurator	set(java.lang.Object,java.lang.reflect.AccessibleObject,java.util.List)	stringValues	2	/home/nima/Developer/NJR-ANNOTATED-RUN/dataset/url8752fbdeb0_sixtam_args_tgz-pJ8-cz_mff_dpp_args_examples_ConstraintTestJ8/src/cz/mff/dpp/args/Configurator.java
cz.mff.dpp.args.Configurator#$@$#set(java.lang.Object,java.lang.reflect.AccessibleObject,java.util.List)#$@$#ReflectUtils.valueFromString#$@$#METHOD	cz.mff.dpp.args.ReflectUtils	valueFromString(java.lang.Class,java.lang.String)	null	null	/home/nima/Developer/NJR-ANNOTATED-RUN/dataset/url8752fbdeb0_sixtam_args_tgz-pJ8-cz_mff_dpp_args_examples_ConstraintTestJ8/src/cz/mff/dpp/args/ReflectUtils.java
cz.mff.dpp.args.Configurator#$@$#set(java.lang.Object,java.lang.reflect.AccessibleObject,java.util.List)#$@$#stringValues.get#$@$#METHOD	java.util.List	get(int)	null	null	null
cz.mff.dpp.args.Configurator#$@$#set(java.lang.Object,java.lang.reflect.AccessibleObject,java.util.List)#$@$#stringValues#$@$#PARAMETER	cz.mff.dpp.args.Configurator	set(java.lang.Object,java.lang.reflect.AccessibleObject,java.util.List)	stringValues	2	/home/nima/Developer/NJR-ANNOTATED-RUN/dataset/url8752fbdeb0_sixtam_args_tgz-pJ8-cz_mff_dpp_args_examples_ConstraintTestJ8/src/cz/mff/dpp/args/Configurator.java
cz.mff.dpp.args.Configurator#$@$#set(java.lang.Object,java.lang.reflect.AccessibleObject,java.util.List)#$@$#ReflectUtils.isSimpleType#$@$#METHOD	cz.mff.dpp.args.ReflectUtils	isSimpleType(java.lang.reflect.AccessibleObject)	null	null	/home/nima/Developer/NJR-ANNOTATED-RUN/dataset/url8752fbdeb0_sixtam_args_tgz-pJ8-cz_mff_dpp_args_examples_ConstraintTestJ8/src/cz/mff/dpp/args/ReflectUtils.java
cz.mff.dpp.args.Configurator#$@$#set(java.lang.Object,java.lang.reflect.AccessibleObject,java.util.List)#$@$#accessible#$@$#PARAMETER	cz.mff.dpp.args.Configurator	set(java.lang.Object,java.lang.reflect.AccessibleObject,java.util.List)	accessible	1	/home/nima/Developer/NJR-ANNOTATED-RUN/dataset/url8752fbdeb0_sixtam_args_tgz-pJ8-cz_mff_dpp_args_examples_ConstraintTestJ8/src/cz/mff/dpp/args/Configurator.java
cz.mff.dpp.args.Configurator#$@$#set(java.lang.Object,java.lang.reflect.AccessibleObject,java.util.List)#$@$#stringValues.size#$@$#METHOD	java.util.List	size()	null	null	null
cz.mff.dpp.args.Configurator#$@$#set(java.lang.Object,java.lang.reflect.AccessibleObject,java.util.List)#$@$#stringValues#$@$#PARAMETER	cz.mff.dpp.args.Configurator	set(java.lang.Object,java.lang.reflect.AccessibleObject,java.util.List)	stringValues	2	/home/nima/Developer/NJR-ANNOTATED-RUN/dataset/url8752fbdeb0_sixtam_args_tgz-pJ8-cz_mff_dpp_args_examples_ConstraintTestJ8/src/cz/mff/dpp/args/Configurator.java
cz.mff.dpp.args.Configurator#$@$#set(java.lang.Object,java.lang.reflect.AccessibleObject,java.util.List)#$@$#ReflectUtils.valueFromString#$@$#METHOD	cz.mff.dpp.args.ReflectUtils	valueFromString(java.lang.Class,java.lang.String)	null	null	/home/nima/Developer/NJR-ANNOTATED-RUN/dataset/url8752fbdeb0_sixtam_args_tgz-pJ8-cz_mff_dpp_args_examples_ConstraintTestJ8/src/cz/mff/dpp/args/ReflectUtils.java
cz.mff.dpp.args.Configurator#$@$#set(java.lang.Object,java.lang.reflect.AccessibleObject,java.util.List)#$@$#stringValues.get#$@$#METHOD	java.util.List	get(int)	null	null	null
cz.mff.dpp.args.Configurator#$@$#set(java.lang.Object,java.lang.reflect.AccessibleObject,java.util.List)#$@$#stringValues#$@$#PARAMETER	cz.mff.dpp.args.Configurator	set(java.lang.Object,java.lang.reflect.AccessibleObject,java.util.List)	stringValues	2	/home/nima/Developer/NJR-ANNOTATED-RUN/dataset/url8752fbdeb0_sixtam_args_tgz-pJ8-cz_mff_dpp_args_examples_ConstraintTestJ8/src/cz/mff/dpp/args/Configurator.java
cz.mff.dpp.args.Configurator#$@$#set(java.lang.Object,java.lang.reflect.AccessibleObject,java.util.List)#$@$#ReflectUtils.isArrayType#$@$#METHOD	cz.mff.dpp.args.ReflectUtils	isArrayType(java.lang.reflect.AccessibleObject)	null	null	/home/nima/Developer/NJR-ANNOTATED-RUN/dataset/url8752fbdeb0_sixtam_args_tgz-pJ8-cz_mff_dpp_args_examples_ConstraintTestJ8/src/cz/mff/dpp/args/ReflectUtils.java
cz.mff.dpp.args.Configurator#$@$#set(java.lang.Object,java.lang.reflect.AccessibleObject,java.util.List)#$@$#accessible#$@$#PARAMETER	cz.mff.dpp.args.Configurator	set(java.lang.Object,java.lang.reflect.AccessibleObject,java.util.List)	accessible	1	/home/nima/Developer/NJR-ANNOTATED-RUN/dataset/url8752fbdeb0_sixtam_args_tgz-pJ8-cz_mff_dpp_args_examples_ConstraintTestJ8/src/cz/mff/dpp/args/Configurator.java
cz.mff.dpp.args.Configurator#$@$#set(java.lang.Object,java.lang.reflect.AccessibleObject,java.util.List)#$@$#valueFromList#$@$#METHOD	cz.mff.dpp.args.Configurator	valueFromList(java.lang.reflect.AccessibleObject,java.util.List)	null	null	/home/nima/Developer/NJR-ANNOTATED-RUN/dataset/url8752fbdeb0_sixtam_args_tgz-pJ8-cz_mff_dpp_args_examples_ConstraintTestJ8/src/cz/mff/dpp/args/Configurator.java
cz.mff.dpp.args.Configurator#$@$#set(java.lang.Object,java.lang.reflect.AccessibleObject,java.util.List)#$@$#accessible#$@$#PARAMETER	cz.mff.dpp.args.Configurator	set(java.lang.Object,java.lang.reflect.AccessibleObject,java.util.List)	accessible	1	/home/nima/Developer/NJR-ANNOTATED-RUN/dataset/url8752fbdeb0_sixtam_args_tgz-pJ8-cz_mff_dpp_args_examples_ConstraintTestJ8/src/cz/mff/dpp/args/Configurator.java
cz.mff.dpp.args.Configurator#$@$#set(java.lang.Object,java.lang.reflect.AccessibleObject,java.util.List)#$@$#stringValues#$@$#PARAMETER	cz.mff.dpp.args.Configurator	set(java.lang.Object,java.lang.reflect.AccessibleObject,java.util.List)	stringValues	2	/home/nima/Developer/NJR-ANNOTATED-RUN/dataset/url8752fbdeb0_sixtam_args_tgz-pJ8-cz_mff_dpp_args_examples_ConstraintTestJ8/src/cz/mff/dpp/args/Configurator.java
cz.mff.dpp.args.Configurator#$@$#set(java.lang.Object,java.lang.reflect.AccessibleObject,java.util.List)#$@$#ConstraintUtils.checkValue#$@$#METHOD	cz.mff.dpp.args.ConstraintUtils	checkValue(java.lang.reflect.AccessibleObject,java.lang.Object)	null	null	/home/nima/Developer/NJR-ANNOTATED-RUN/dataset/url8752fbdeb0_sixtam_args_tgz-pJ8-cz_mff_dpp_args_examples_ConstraintTestJ8/src/cz/mff/dpp/args/ConstraintUtils.java
cz.mff.dpp.args.Configurator#$@$#set(java.lang.Object,java.lang.reflect.AccessibleObject,java.util.List)#$@$#accessible#$@$#PARAMETER	cz.mff.dpp.args.Configurator	set(java.lang.Object,java.lang.reflect.AccessibleObject,java.util.List)	accessible	1	/home/nima/Developer/NJR-ANNOTATED-RUN/dataset/url8752fbdeb0_sixtam_args_tgz-pJ8-cz_mff_dpp_args_examples_ConstraintTestJ8/src/cz/mff/dpp/args/Configurator.java
cz.mff.dpp.args.Configurator#$@$#set(java.lang.Object,java.lang.reflect.AccessibleObject,java.util.List)#$@$#applyValue#$@$#METHOD	cz.mff.dpp.args.Configurator	applyValue(java.lang.Object,java.lang.reflect.AccessibleObject,java.lang.Object)	null	null	/home/nima/Developer/NJR-ANNOTATED-RUN/dataset/url8752fbdeb0_sixtam_args_tgz-pJ8-cz_mff_dpp_args_examples_ConstraintTestJ8/src/cz/mff/dpp/args/Configurator.java
cz.mff.dpp.args.Configurator#$@$#set(java.lang.Object,java.lang.reflect.AccessibleObject,java.util.List)#$@$#target#$@$#PARAMETER	cz.mff.dpp.args.Configurator	set(java.lang.Object,java.lang.reflect.AccessibleObject,java.util.List)	target	0	/home/nima/Developer/NJR-ANNOTATED-RUN/dataset/url8752fbdeb0_sixtam_args_tgz-pJ8-cz_mff_dpp_args_examples_ConstraintTestJ8/src/cz/mff/dpp/args/Configurator.java
cz.mff.dpp.args.Configurator#$@$#set(java.lang.Object,java.lang.reflect.AccessibleObject,java.util.List)#$@$#accessible#$@$#PARAMETER	cz.mff.dpp.args.Configurator	set(java.lang.Object,java.lang.reflect.AccessibleObject,java.util.List)	accessible	1	/home/nima/Developer/NJR-ANNOTATED-RUN/dataset/url8752fbdeb0_sixtam_args_tgz-pJ8-cz_mff_dpp_args_examples_ConstraintTestJ8/src/cz/mff/dpp/args/Configurator.java
cz.mff.dpp.args.Configurator#$@$#applyValue(java.lang.Object,java.lang.reflect.AccessibleObject,java.lang.Object)#$@$#accessible#$@$#PARAMETER	cz.mff.dpp.args.Configurator	applyValue(java.lang.Object,java.lang.reflect.AccessibleObject,java.lang.Object)	accessible	1	/home/nima/Developer/NJR-ANNOTATED-RUN/dataset/url8752fbdeb0_sixtam_args_tgz-pJ8-cz_mff_dpp_args_examples_ConstraintTestJ8/src/cz/mff/dpp/args/Configurator.java
cz.mff.dpp.args.Configurator#$@$#applyValue(java.lang.Object,java.lang.reflect.AccessibleObject,java.lang.Object)#$@$#setFieldValue#$@$#METHOD	cz.mff.dpp.args.Configurator	setFieldValue(java.lang.Object,java.lang.reflect.Field,java.lang.Object)	null	null	/home/nima/Developer/NJR-ANNOTATED-RUN/dataset/url8752fbdeb0_sixtam_args_tgz-pJ8-cz_mff_dpp_args_examples_ConstraintTestJ8/src/cz/mff/dpp/args/Configurator.java
cz.mff.dpp.args.Configurator#$@$#applyValue(java.lang.Object,java.lang.reflect.AccessibleObject,java.lang.Object)#$@$#target#$@$#PARAMETER	cz.mff.dpp.args.Configurator	applyValue(java.lang.Object,java.lang.reflect.AccessibleObject,java.lang.Object)	target	0	/home/nima/Developer/NJR-ANNOTATED-RUN/dataset/url8752fbdeb0_sixtam_args_tgz-pJ8-cz_mff_dpp_args_examples_ConstraintTestJ8/src/cz/mff/dpp/args/Configurator.java
cz.mff.dpp.args.Configurator#$@$#applyValue(java.lang.Object,java.lang.reflect.AccessibleObject,java.lang.Object)#$@$#accessible#$@$#PARAMETER	cz.mff.dpp.args.Configurator	applyValue(java.lang.Object,java.lang.reflect.AccessibleObject,java.lang.Object)	accessible	1	/home/nima/Developer/NJR-ANNOTATED-RUN/dataset/url8752fbdeb0_sixtam_args_tgz-pJ8-cz_mff_dpp_args_examples_ConstraintTestJ8/src/cz/mff/dpp/args/Configurator.java
cz.mff.dpp.args.Configurator#$@$#applyValue(java.lang.Object,java.lang.reflect.AccessibleObject,java.lang.Object)#$@$#value#$@$#PARAMETER	cz.mff.dpp.args.Configurator	applyValue(java.lang.Object,java.lang.reflect.AccessibleObject,java.lang.Object)	value	2	/home/nima/Developer/NJR-ANNOTATED-RUN/dataset/url8752fbdeb0_sixtam_args_tgz-pJ8-cz_mff_dpp_args_examples_ConstraintTestJ8/src/cz/mff/dpp/args/Configurator.java
cz.mff.dpp.args.Configurator#$@$#applyValue(java.lang.Object,java.lang.reflect.AccessibleObject,java.lang.Object)#$@$#accessible#$@$#PARAMETER	cz.mff.dpp.args.Configurator	applyValue(java.lang.Object,java.lang.reflect.AccessibleObject,java.lang.Object)	accessible	1	/home/nima/Developer/NJR-ANNOTATED-RUN/dataset/url8752fbdeb0_sixtam_args_tgz-pJ8-cz_mff_dpp_args_examples_ConstraintTestJ8/src/cz/mff/dpp/args/Configurator.java
cz.mff.dpp.args.Configurator#$@$#applyValue(java.lang.Object,java.lang.reflect.AccessibleObject,java.lang.Object)#$@$#ReflectUtils.isFlagType#$@$#METHOD	cz.mff.dpp.args.ReflectUtils	isFlagType(java.lang.reflect.AccessibleObject)	null	null	/home/nima/Developer/NJR-ANNOTATED-RUN/dataset/url8752fbdeb0_sixtam_args_tgz-pJ8-cz_mff_dpp_args_examples_ConstraintTestJ8/src/cz/mff/dpp/args/ReflectUtils.java
cz.mff.dpp.args.Configurator#$@$#applyValue(java.lang.Object,java.lang.reflect.AccessibleObject,java.lang.Object)#$@$#accessible#$@$#PARAMETER	cz.mff.dpp.args.Configurator	applyValue(java.lang.Object,java.lang.reflect.AccessibleObject,java.lang.Object)	accessible	1	/home/nima/Developer/NJR-ANNOTATED-RUN/dataset/url8752fbdeb0_sixtam_args_tgz-pJ8-cz_mff_dpp_args_examples_ConstraintTestJ8/src/cz/mff/dpp/args/Configurator.java
cz.mff.dpp.args.Configurator#$@$#applyValue(java.lang.Object,java.lang.reflect.AccessibleObject,java.lang.Object)#$@$#callSetter#$@$#METHOD	cz.mff.dpp.args.Configurator	callSetter(java.lang.Object,java.lang.reflect.Method,java.lang.Object[])	null	null	/home/nima/Developer/NJR-ANNOTATED-RUN/dataset/url8752fbdeb0_sixtam_args_tgz-pJ8-cz_mff_dpp_args_examples_ConstraintTestJ8/src/cz/mff/dpp/args/Configurator.java
cz.mff.dpp.args.Configurator#$@$#applyValue(java.lang.Object,java.lang.reflect.AccessibleObject,java.lang.Object)#$@$#target#$@$#PARAMETER	cz.mff.dpp.args.Configurator	applyValue(java.lang.Object,java.lang.reflect.AccessibleObject,java.lang.Object)	target	0	/home/nima/Developer/NJR-ANNOTATED-RUN/dataset/url8752fbdeb0_sixtam_args_tgz-pJ8-cz_mff_dpp_args_examples_ConstraintTestJ8/src/cz/mff/dpp/args/Configurator.java
cz.mff.dpp.args.Configurator#$@$#applyValue(java.lang.Object,java.lang.reflect.AccessibleObject,java.lang.Object)#$@$#accessible#$@$#PARAMETER	cz.mff.dpp.args.Configurator	applyValue(java.lang.Object,java.lang.reflect.AccessibleObject,java.lang.Object)	accessible	1	/home/nima/Developer/NJR-ANNOTATED-RUN/dataset/url8752fbdeb0_sixtam_args_tgz-pJ8-cz_mff_dpp_args_examples_ConstraintTestJ8/src/cz/mff/dpp/args/Configurator.java
cz.mff.dpp.args.Configurator#$@$#applyValue(java.lang.Object,java.lang.reflect.AccessibleObject,java.lang.Object)#$@$#callSetter#$@$#METHOD	cz.mff.dpp.args.Configurator	callSetter(java.lang.Object,java.lang.reflect.Method,java.lang.Object[])	null	null	/home/nima/Developer/NJR-ANNOTATED-RUN/dataset/url8752fbdeb0_sixtam_args_tgz-pJ8-cz_mff_dpp_args_examples_ConstraintTestJ8/src/cz/mff/dpp/args/Configurator.java
cz.mff.dpp.args.Configurator#$@$#applyValue(java.lang.Object,java.lang.reflect.AccessibleObject,java.lang.Object)#$@$#target#$@$#PARAMETER	cz.mff.dpp.args.Configurator	applyValue(java.lang.Object,java.lang.reflect.AccessibleObject,java.lang.Object)	target	0	/home/nima/Developer/NJR-ANNOTATED-RUN/dataset/url8752fbdeb0_sixtam_args_tgz-pJ8-cz_mff_dpp_args_examples_ConstraintTestJ8/src/cz/mff/dpp/args/Configurator.java
cz.mff.dpp.args.Configurator#$@$#applyValue(java.lang.Object,java.lang.reflect.AccessibleObject,java.lang.Object)#$@$#accessible#$@$#PARAMETER	cz.mff.dpp.args.Configurator	applyValue(java.lang.Object,java.lang.reflect.AccessibleObject,java.lang.Object)	accessible	1	/home/nima/Developer/NJR-ANNOTATED-RUN/dataset/url8752fbdeb0_sixtam_args_tgz-pJ8-cz_mff_dpp_args_examples_ConstraintTestJ8/src/cz/mff/dpp/args/Configurator.java
cz.mff.dpp.args.Configurator#$@$#applyValue(java.lang.Object,java.lang.reflect.AccessibleObject,java.lang.Object)#$@$#value#$@$#PARAMETER	cz.mff.dpp.args.Configurator	applyValue(java.lang.Object,java.lang.reflect.AccessibleObject,java.lang.Object)	value	2	/home/nima/Developer/NJR-ANNOTATED-RUN/dataset/url8752fbdeb0_sixtam_args_tgz-pJ8-cz_mff_dpp_args_examples_ConstraintTestJ8/src/cz/mff/dpp/args/Configurator.java
cz.mff.dpp.args.Configurator#$@$#callSetter(java.lang.Object,java.lang.reflect.Method,java.lang.Object[])#$@$#method#$@$#PARAMETER	cz.mff.dpp.args.Configurator	callSetter(java.lang.Object,java.lang.reflect.Method,java.lang.Object[])	method	1	/home/nima/Developer/NJR-ANNOTATED-RUN/dataset/url8752fbdeb0_sixtam_args_tgz-pJ8-cz_mff_dpp_args_examples_ConstraintTestJ8/src/cz/mff/dpp/args/Configurator.java
cz.mff.dpp.args.Configurator#$@$#callSetter(java.lang.Object,java.lang.reflect.Method,java.lang.Object[])#$@$#method.invoke#$@$#METHOD	java.lang.reflect.Method	invoke(java.lang.Object,java.lang.Object[])	null	null	null
cz.mff.dpp.args.Configurator#$@$#callSetter(java.lang.Object,java.lang.reflect.Method,java.lang.Object[])#$@$#method#$@$#PARAMETER	cz.mff.dpp.args.Configurator	callSetter(java.lang.Object,java.lang.reflect.Method,java.lang.Object[])	method	1	/home/nima/Developer/NJR-ANNOTATED-RUN/dataset/url8752fbdeb0_sixtam_args_tgz-pJ8-cz_mff_dpp_args_examples_ConstraintTestJ8/src/cz/mff/dpp/args/Configurator.java
cz.mff.dpp.args.Configurator#$@$#callSetter(java.lang.Object,java.lang.reflect.Method,java.lang.Object[])#$@$#target#$@$#PARAMETER	cz.mff.dpp.args.Configurator	callSetter(java.lang.Object,java.lang.reflect.Method,java.lang.Object[])	target	0	/home/nima/Developer/NJR-ANNOTATED-RUN/dataset/url8752fbdeb0_sixtam_args_tgz-pJ8-cz_mff_dpp_args_examples_ConstraintTestJ8/src/cz/mff/dpp/args/Configurator.java
cz.mff.dpp.args.Configurator#$@$#callSetter(java.lang.Object,java.lang.reflect.Method,java.lang.Object[])#$@$#params#$@$#PARAMETER	cz.mff.dpp.args.Configurator	callSetter(java.lang.Object,java.lang.reflect.Method,java.lang.Object[])	params	2	/home/nima/Developer/NJR-ANNOTATED-RUN/dataset/url8752fbdeb0_sixtam_args_tgz-pJ8-cz_mff_dpp_args_examples_ConstraintTestJ8/src/cz/mff/dpp/args/Configurator.java
cz.mff.dpp.args.Configurator#$@$#callSetter(java.lang.Object,java.lang.reflect.Method,java.lang.Object[])#$@$#ConfException.wrap#$@$#METHOD	cz.mff.dpp.args.ConfException	wrap(java.lang.Throwable,java.lang.String,java.lang.Object[])	null	null	/home/nima/Developer/NJR-ANNOTATED-RUN/dataset/url8752fbdeb0_sixtam_args_tgz-pJ8-cz_mff_dpp_args_examples_ConstraintTestJ8/src/cz/mff/dpp/args/ConfException.java
cz.mff.dpp.args.Configurator#$@$#callSetter(java.lang.Object,java.lang.reflect.Method,java.lang.Object[])#$@$#cz.mff.dpp.args.Configurator.FORMAT_CALL_SETTER_ERROR#$@$#FIELD	cz.mff.dpp.args.Configurator	null	FORMAT_CALL_SETTER_ERROR	null	/home/nima/Developer/NJR-ANNOTATED-RUN/dataset/url8752fbdeb0_sixtam_args_tgz-pJ8-cz_mff_dpp_args_examples_ConstraintTestJ8/src/cz/mff/dpp/args/Configurator.java
cz.mff.dpp.args.Configurator#$@$#callSetter(java.lang.Object,java.lang.reflect.Method,java.lang.Object[])#$@$#method#$@$#PARAMETER	cz.mff.dpp.args.Configurator	callSetter(java.lang.Object,java.lang.reflect.Method,java.lang.Object[])	method	1	/home/nima/Developer/NJR-ANNOTATED-RUN/dataset/url8752fbdeb0_sixtam_args_tgz-pJ8-cz_mff_dpp_args_examples_ConstraintTestJ8/src/cz/mff/dpp/args/Configurator.java
cz.mff.dpp.args.Configurator#$@$#callSetter(java.lang.Object,java.lang.reflect.Method,java.lang.Object[])#$@$#target#$@$#PARAMETER	cz.mff.dpp.args.Configurator	callSetter(java.lang.Object,java.lang.reflect.Method,java.lang.Object[])	target	0	/home/nima/Developer/NJR-ANNOTATED-RUN/dataset/url8752fbdeb0_sixtam_args_tgz-pJ8-cz_mff_dpp_args_examples_ConstraintTestJ8/src/cz/mff/dpp/args/Configurator.java
cz.mff.dpp.args.Configurator#$@$#callSetter(java.lang.Object,java.lang.reflect.Method,java.lang.Object[])#$@$#java.util.Arrays.toString#$@$#METHOD	java.util.Arrays	toString(java.lang.Object[])	null	null	null
cz.mff.dpp.args.Configurator#$@$#callSetter(java.lang.Object,java.lang.reflect.Method,java.lang.Object[])#$@$#params#$@$#PARAMETER	cz.mff.dpp.args.Configurator	callSetter(java.lang.Object,java.lang.reflect.Method,java.lang.Object[])	params	2	/home/nima/Developer/NJR-ANNOTATED-RUN/dataset/url8752fbdeb0_sixtam_args_tgz-pJ8-cz_mff_dpp_args_examples_ConstraintTestJ8/src/cz/mff/dpp/args/Configurator.java
cz.mff.dpp.args.Configurator#$@$#callSetter(java.lang.Object,java.lang.reflect.Method,java.lang.Object[])#$@$#state.restore#$@$#METHOD	cz.mff.dpp.args.Configurator$AccessibleState	restore()	null	null	/home/nima/Developer/NJR-ANNOTATED-RUN/dataset/url8752fbdeb0_sixtam_args_tgz-pJ8-cz_mff_dpp_args_examples_ConstraintTestJ8/src/cz/mff/dpp/args/Configurator.java
cz.mff.dpp.args.Configurator#$@$#setFieldValue(java.lang.Object,java.lang.reflect.Field,java.lang.Object)#$@$#field#$@$#PARAMETER	cz.mff.dpp.args.Configurator	setFieldValue(java.lang.Object,java.lang.reflect.Field,java.lang.Object)	field	1	/home/nima/Developer/NJR-ANNOTATED-RUN/dataset/url8752fbdeb0_sixtam_args_tgz-pJ8-cz_mff_dpp_args_examples_ConstraintTestJ8/src/cz/mff/dpp/args/Configurator.java
cz.mff.dpp.args.Configurator#$@$#setFieldValue(java.lang.Object,java.lang.reflect.Field,java.lang.Object)#$@$#field.set#$@$#METHOD	java.lang.reflect.Field	set(java.lang.Object,java.lang.Object)	null	null	null
cz.mff.dpp.args.Configurator#$@$#setFieldValue(java.lang.Object,java.lang.reflect.Field,java.lang.Object)#$@$#field#$@$#PARAMETER	cz.mff.dpp.args.Configurator	setFieldValue(java.lang.Object,java.lang.reflect.Field,java.lang.Object)	field	1	/home/nima/Developer/NJR-ANNOTATED-RUN/dataset/url8752fbdeb0_sixtam_args_tgz-pJ8-cz_mff_dpp_args_examples_ConstraintTestJ8/src/cz/mff/dpp/args/Configurator.java
cz.mff.dpp.args.Configurator#$@$#setFieldValue(java.lang.Object,java.lang.reflect.Field,java.lang.Object)#$@$#target#$@$#PARAMETER	cz.mff.dpp.args.Configurator	setFieldValue(java.lang.Object,java.lang.reflect.Field,java.lang.Object)	target	0	/home/nima/Developer/NJR-ANNOTATED-RUN/dataset/url8752fbdeb0_sixtam_args_tgz-pJ8-cz_mff_dpp_args_examples_ConstraintTestJ8/src/cz/mff/dpp/args/Configurator.java
cz.mff.dpp.args.Configurator#$@$#setFieldValue(java.lang.Object,java.lang.reflect.Field,java.lang.Object)#$@$#value#$@$#PARAMETER	cz.mff.dpp.args.Configurator	setFieldValue(java.lang.Object,java.lang.reflect.Field,java.lang.Object)	value	2	/home/nima/Developer/NJR-ANNOTATED-RUN/dataset/url8752fbdeb0_sixtam_args_tgz-pJ8-cz_mff_dpp_args_examples_ConstraintTestJ8/src/cz/mff/dpp/args/Configurator.java
cz.mff.dpp.args.Configurator#$@$#setFieldValue(java.lang.Object,java.lang.reflect.Field,java.lang.Object)#$@$#ConfException.wrap#$@$#METHOD	cz.mff.dpp.args.ConfException	wrap(java.lang.Throwable,java.lang.String,java.lang.Object[])	null	null	/home/nima/Developer/NJR-ANNOTATED-RUN/dataset/url8752fbdeb0_sixtam_args_tgz-pJ8-cz_mff_dpp_args_examples_ConstraintTestJ8/src/cz/mff/dpp/args/ConfException.java
cz.mff.dpp.args.Configurator#$@$#setFieldValue(java.lang.Object,java.lang.reflect.Field,java.lang.Object)#$@$#cz.mff.dpp.args.Configurator.FORMAT_SET_FIELD_NOT_POSSIBLE#$@$#FIELD	cz.mff.dpp.args.Configurator	null	FORMAT_SET_FIELD_NOT_POSSIBLE	null	/home/nima/Developer/NJR-ANNOTATED-RUN/dataset/url8752fbdeb0_sixtam_args_tgz-pJ8-cz_mff_dpp_args_examples_ConstraintTestJ8/src/cz/mff/dpp/args/Configurator.java
cz.mff.dpp.args.Configurator#$@$#setFieldValue(java.lang.Object,java.lang.reflect.Field,java.lang.Object)#$@$#field.getName#$@$#METHOD	java.lang.reflect.Field	getName()	null	null	null
cz.mff.dpp.args.Configurator#$@$#setFieldValue(java.lang.Object,java.lang.reflect.Field,java.lang.Object)#$@$#field#$@$#PARAMETER	cz.mff.dpp.args.Configurator	setFieldValue(java.lang.Object,java.lang.reflect.Field,java.lang.Object)	field	1	/home/nima/Developer/NJR-ANNOTATED-RUN/dataset/url8752fbdeb0_sixtam_args_tgz-pJ8-cz_mff_dpp_args_examples_ConstraintTestJ8/src/cz/mff/dpp/args/Configurator.java
cz.mff.dpp.args.Configurator#$@$#setFieldValue(java.lang.Object,java.lang.reflect.Field,java.lang.Object)#$@$#value.toString#$@$#METHOD	java.lang.Object	toString()	null	null	null
cz.mff.dpp.args.Configurator#$@$#setFieldValue(java.lang.Object,java.lang.reflect.Field,java.lang.Object)#$@$#value#$@$#PARAMETER	cz.mff.dpp.args.Configurator	setFieldValue(java.lang.Object,java.lang.reflect.Field,java.lang.Object)	value	2	/home/nima/Developer/NJR-ANNOTATED-RUN/dataset/url8752fbdeb0_sixtam_args_tgz-pJ8-cz_mff_dpp_args_examples_ConstraintTestJ8/src/cz/mff/dpp/args/Configurator.java
cz.mff.dpp.args.Configurator#$@$#setFieldValue(java.lang.Object,java.lang.reflect.Field,java.lang.Object)#$@$#fieldState.restore#$@$#METHOD	cz.mff.dpp.args.Configurator$AccessibleState	restore()	null	null	/home/nima/Developer/NJR-ANNOTATED-RUN/dataset/url8752fbdeb0_sixtam_args_tgz-pJ8-cz_mff_dpp_args_examples_ConstraintTestJ8/src/cz/mff/dpp/args/Configurator.java
cz.mff.dpp.args.Configurator#$@$#valueFromList(java.lang.reflect.AccessibleObject,java.util.List)#$@$#value#$@$#METHOD	java.lang.SuppressWarnings	value()	null	null	null
cz.mff.dpp.args.Configurator#$@$#valueFromList(java.lang.reflect.AccessibleObject,java.util.List)#$@$#ReflectUtils.getType#$@$#METHOD	cz.mff.dpp.args.ReflectUtils	getType(java.lang.reflect.AccessibleObject)	null	null	/home/nima/Developer/NJR-ANNOTATED-RUN/dataset/url8752fbdeb0_sixtam_args_tgz-pJ8-cz_mff_dpp_args_examples_ConstraintTestJ8/src/cz/mff/dpp/args/ReflectUtils.java
cz.mff.dpp.args.Configurator#$@$#valueFromList(java.lang.reflect.AccessibleObject,java.util.List)#$@$#accessible#$@$#PARAMETER	cz.mff.dpp.args.Configurator	valueFromList(java.lang.reflect.AccessibleObject,java.util.List)	accessible	0	/home/nima/Developer/NJR-ANNOTATED-RUN/dataset/url8752fbdeb0_sixtam_args_tgz-pJ8-cz_mff_dpp_args_examples_ConstraintTestJ8/src/cz/mff/dpp/args/Configurator.java
cz.mff.dpp.args.Configurator#$@$#valueFromList(java.lang.reflect.AccessibleObject,java.util.List)#$@$#klass.isArray#$@$#METHOD	java.lang.Class	isArray()	null	null	null
cz.mff.dpp.args.Configurator#$@$#valueFromList(java.lang.reflect.AccessibleObject,java.util.List)#$@$#klass.getComponentType#$@$#METHOD	java.lang.Class	getComponentType()	null	null	null
cz.mff.dpp.args.Configurator#$@$#valueFromList(java.lang.reflect.AccessibleObject,java.util.List)#$@$#createArrayAndFill#$@$#METHOD	cz.mff.dpp.args.Configurator	createArrayAndFill(java.lang.Class,java.util.List)	null	null	/home/nima/Developer/NJR-ANNOTATED-RUN/dataset/url8752fbdeb0_sixtam_args_tgz-pJ8-cz_mff_dpp_args_examples_ConstraintTestJ8/src/cz/mff/dpp/args/Configurator.java
cz.mff.dpp.args.Configurator#$@$#valueFromList(java.lang.reflect.AccessibleObject,java.util.List)#$@$#stringValues#$@$#PARAMETER	cz.mff.dpp.args.Configurator	valueFromList(java.lang.reflect.AccessibleObject,java.util.List)	stringValues	1	/home/nima/Developer/NJR-ANNOTATED-RUN/dataset/url8752fbdeb0_sixtam_args_tgz-pJ8-cz_mff_dpp_args_examples_ConstraintTestJ8/src/cz/mff/dpp/args/Configurator.java
cz.mff.dpp.args.Configurator#$@$#valueFromList(java.lang.reflect.AccessibleObject,java.util.List)#$@$#List.class.isAssignableFrom#$@$#METHOD	java.lang.Class	isAssignableFrom(java.lang.Class)	null	null	null
cz.mff.dpp.args.Configurator#$@$#valueFromList(java.lang.reflect.AccessibleObject,java.util.List)#$@$#java.util.List.class#$@$#FIELD	java.util.List	null	class	null	null
cz.mff.dpp.args.Configurator#$@$#valueFromList(java.lang.reflect.AccessibleObject,java.util.List)#$@$#ReflectUtils.getValueType#$@$#METHOD	cz.mff.dpp.args.ReflectUtils	getValueType(java.lang.reflect.AccessibleObject)	null	null	/home/nima/Developer/NJR-ANNOTATED-RUN/dataset/url8752fbdeb0_sixtam_args_tgz-pJ8-cz_mff_dpp_args_examples_ConstraintTestJ8/src/cz/mff/dpp/args/ReflectUtils.java
cz.mff.dpp.args.Configurator#$@$#valueFromList(java.lang.reflect.AccessibleObject,java.util.List)#$@$#accessible#$@$#PARAMETER	cz.mff.dpp.args.Configurator	valueFromList(java.lang.reflect.AccessibleObject,java.util.List)	accessible	0	/home/nima/Developer/NJR-ANNOTATED-RUN/dataset/url8752fbdeb0_sixtam_args_tgz-pJ8-cz_mff_dpp_args_examples_ConstraintTestJ8/src/cz/mff/dpp/args/Configurator.java
cz.mff.dpp.args.Configurator#$@$#valueFromList(java.lang.reflect.AccessibleObject,java.util.List)#$@$#createListAndFill#$@$#METHOD	cz.mff.dpp.args.Configurator	createListAndFill(java.lang.Class,java.lang.Class,java.util.List)	null	null	/home/nima/Developer/NJR-ANNOTATED-RUN/dataset/url8752fbdeb0_sixtam_args_tgz-pJ8-cz_mff_dpp_args_examples_ConstraintTestJ8/src/cz/mff/dpp/args/Configurator.java
cz.mff.dpp.args.Configurator#$@$#valueFromList(java.lang.reflect.AccessibleObject,java.util.List)#$@$#stringValues#$@$#PARAMETER	cz.mff.dpp.args.Configurator	valueFromList(java.lang.reflect.AccessibleObject,java.util.List)	stringValues	1	/home/nima/Developer/NJR-ANNOTATED-RUN/dataset/url8752fbdeb0_sixtam_args_tgz-pJ8-cz_mff_dpp_args_examples_ConstraintTestJ8/src/cz/mff/dpp/args/Configurator.java
cz.mff.dpp.args.Configurator#$@$#createArrayAndFill(java.lang.Class,java.util.List)#$@$#type#$@$#PARAMETER	cz.mff.dpp.args.Configurator	createArrayAndFill(java.lang.Class,java.util.List)	type	0	/home/nima/Developer/NJR-ANNOTATED-RUN/dataset/url8752fbdeb0_sixtam_args_tgz-pJ8-cz_mff_dpp_args_examples_ConstraintTestJ8/src/cz/mff/dpp/args/Configurator.java
cz.mff.dpp.args.Configurator#$@$#createArrayAndFill(java.lang.Class,java.util.List)#$@$#stringValues#$@$#PARAMETER	cz.mff.dpp.args.Configurator	createArrayAndFill(java.lang.Class,java.util.List)	stringValues	1	/home/nima/Developer/NJR-ANNOTATED-RUN/dataset/url8752fbdeb0_sixtam_args_tgz-pJ8-cz_mff_dpp_args_examples_ConstraintTestJ8/src/cz/mff/dpp/args/Configurator.java
cz.mff.dpp.args.Configurator#$@$#createArrayAndFill(java.lang.Class,java.util.List)#$@$#Array.newInstance#$@$#METHOD	java.lang.reflect.Array	newInstance(java.lang.Class,int)	null	null	null
cz.mff.dpp.args.Configurator#$@$#createArrayAndFill(java.lang.Class,java.util.List)#$@$#type#$@$#PARAMETER	cz.mff.dpp.args.Configurator	createArrayAndFill(java.lang.Class,java.util.List)	type	0	/home/nima/Developer/NJR-ANNOTATED-RUN/dataset/url8752fbdeb0_sixtam_args_tgz-pJ8-cz_mff_dpp_args_examples_ConstraintTestJ8/src/cz/mff/dpp/args/Configurator.java
cz.mff.dpp.args.Configurator#$@$#createArrayAndFill(java.lang.Class,java.util.List)#$@$#stringValues.size#$@$#METHOD	java.util.List	size()	null	null	null
cz.mff.dpp.args.Configurator#$@$#createArrayAndFill(java.lang.Class,java.util.List)#$@$#stringValues#$@$#PARAMETER	cz.mff.dpp.args.Configurator	createArrayAndFill(java.lang.Class,java.util.List)	stringValues	1	/home/nima/Developer/NJR-ANNOTATED-RUN/dataset/url8752fbdeb0_sixtam_args_tgz-pJ8-cz_mff_dpp_args_examples_ConstraintTestJ8/src/cz/mff/dpp/args/Configurator.java
cz.mff.dpp.args.Configurator#$@$#createArrayAndFill(java.lang.Class,java.util.List)#$@$#stringValues#$@$#PARAMETER	cz.mff.dpp.args.Configurator	createArrayAndFill(java.lang.Class,java.util.List)	stringValues	1	/home/nima/Developer/NJR-ANNOTATED-RUN/dataset/url8752fbdeb0_sixtam_args_tgz-pJ8-cz_mff_dpp_args_examples_ConstraintTestJ8/src/cz/mff/dpp/args/Configurator.java
cz.mff.dpp.args.Configurator#$@$#createArrayAndFill(java.lang.Class,java.util.List)#$@$#valueFromString#$@$#METHOD	cz.mff.dpp.args.ReflectUtils	valueFromString(java.lang.Class,java.lang.String)	null	null	/home/nima/Developer/NJR-ANNOTATED-RUN/dataset/url8752fbdeb0_sixtam_args_tgz-pJ8-cz_mff_dpp_args_examples_ConstraintTestJ8/src/cz/mff/dpp/args/ReflectUtils.java
cz.mff.dpp.args.Configurator#$@$#createArrayAndFill(java.lang.Class,java.util.List)#$@$#type#$@$#PARAMETER	cz.mff.dpp.args.Configurator	createArrayAndFill(java.lang.Class,java.util.List)	type	0	/home/nima/Developer/NJR-ANNOTATED-RUN/dataset/url8752fbdeb0_sixtam_args_tgz-pJ8-cz_mff_dpp_args_examples_ConstraintTestJ8/src/cz/mff/dpp/args/Configurator.java
cz.mff.dpp.args.Configurator#$@$#createArrayAndFill(java.lang.Class,java.util.List)#$@$#Array.set#$@$#METHOD	java.lang.reflect.Array	set(java.lang.Object,int,java.lang.Object)	null	null	null
cz.mff.dpp.args.Configurator#$@$#createListAndFill(java.lang.Class,java.lang.Class,java.util.List)#$@$#value#$@$#METHOD	java.lang.SuppressWarnings	value()	null	null	null
cz.mff.dpp.args.Configurator#$@$#createListAndFill(java.lang.Class,java.lang.Class,java.util.List)#$@$#listType#$@$#PARAMETER	cz.mff.dpp.args.Configurator	createListAndFill(java.lang.Class,java.lang.Class,java.util.List)	listType	1	/home/nima/Developer/NJR-ANNOTATED-RUN/dataset/url8752fbdeb0_sixtam_args_tgz-pJ8-cz_mff_dpp_args_examples_ConstraintTestJ8/src/cz/mff/dpp/args/Configurator.java
cz.mff.dpp.args.Configurator#$@$#createListAndFill(java.lang.Class,java.lang.Class,java.util.List)#$@$#java.util.List.class#$@$#FIELD	java.util.List	null	class	null	null
cz.mff.dpp.args.Configurator#$@$#createListAndFill(java.lang.Class,java.lang.Class,java.util.List)#$@$#LinkedList.class.newInstance#$@$#METHOD	java.lang.Class	newInstance()	null	null	null
cz.mff.dpp.args.Configurator#$@$#createListAndFill(java.lang.Class,java.lang.Class,java.util.List)#$@$#java.util.LinkedList.class#$@$#FIELD	java.util.LinkedList	null	class	null	null
cz.mff.dpp.args.Configurator#$@$#createListAndFill(java.lang.Class,java.lang.Class,java.util.List)#$@$#listType.newInstance#$@$#METHOD	java.lang.Class	newInstance()	null	null	null
cz.mff.dpp.args.Configurator#$@$#createListAndFill(java.lang.Class,java.lang.Class,java.util.List)#$@$#listType#$@$#PARAMETER	cz.mff.dpp.args.Configurator	createListAndFill(java.lang.Class,java.lang.Class,java.util.List)	listType	1	/home/nima/Developer/NJR-ANNOTATED-RUN/dataset/url8752fbdeb0_sixtam_args_tgz-pJ8-cz_mff_dpp_args_examples_ConstraintTestJ8/src/cz/mff/dpp/args/Configurator.java
cz.mff.dpp.args.Configurator#$@$#createListAndFill(java.lang.Class,java.lang.Class,java.util.List)#$@$#stringValues#$@$#PARAMETER	cz.mff.dpp.args.Configurator	createListAndFill(java.lang.Class,java.lang.Class,java.util.List)	stringValues	2	/home/nima/Developer/NJR-ANNOTATED-RUN/dataset/url8752fbdeb0_sixtam_args_tgz-pJ8-cz_mff_dpp_args_examples_ConstraintTestJ8/src/cz/mff/dpp/args/Configurator.java
cz.mff.dpp.args.Configurator#$@$#createListAndFill(java.lang.Class,java.lang.Class,java.util.List)#$@$#valueFromString#$@$#METHOD	cz.mff.dpp.args.ReflectUtils	valueFromString(java.lang.Class,java.lang.String)	null	null	/home/nima/Developer/NJR-ANNOTATED-RUN/dataset/url8752fbdeb0_sixtam_args_tgz-pJ8-cz_mff_dpp_args_examples_ConstraintTestJ8/src/cz/mff/dpp/args/ReflectUtils.java
cz.mff.dpp.args.Configurator#$@$#createListAndFill(java.lang.Class,java.lang.Class,java.util.List)#$@$#componentType#$@$#PARAMETER	cz.mff.dpp.args.Configurator	createListAndFill(java.lang.Class,java.lang.Class,java.util.List)	componentType	0	/home/nima/Developer/NJR-ANNOTATED-RUN/dataset/url8752fbdeb0_sixtam_args_tgz-pJ8-cz_mff_dpp_args_examples_ConstraintTestJ8/src/cz/mff/dpp/args/Configurator.java
cz.mff.dpp.args.Configurator#$@$#createListAndFill(java.lang.Class,java.lang.Class,java.util.List)#$@$#list.add#$@$#METHOD	java.util.List	add(E)	null	null	null
cz.mff.dpp.args.Configurator$AccessibleState#$@$#AccessibleState(java.lang.reflect.AccessibleObject)#$@$#this.accessibleObject#$@$#FIELD	cz.mff.dpp.args.Configurator$AccessibleState	null	accessibleObject	null	/home/nima/Developer/NJR-ANNOTATED-RUN/dataset/url8752fbdeb0_sixtam_args_tgz-pJ8-cz_mff_dpp_args_examples_ConstraintTestJ8/src/cz/mff/dpp/args/Configurator.java
cz.mff.dpp.args.Configurator$AccessibleState#$@$#AccessibleState(java.lang.reflect.AccessibleObject)#$@$#this#$@$#FIELD	cz.mff.dpp.args.Configurator$AccessibleState	null	this	null	/home/nima/Developer/NJR-ANNOTATED-RUN/dataset/url8752fbdeb0_sixtam_args_tgz-pJ8-cz_mff_dpp_args_examples_ConstraintTestJ8/src/cz/mff/dpp/args/Configurator.java
cz.mff.dpp.args.Configurator$AccessibleState#$@$#AccessibleState(java.lang.reflect.AccessibleObject)#$@$#accessibleObject#$@$#PARAMETER	cz.mff.dpp.args.Configurator$AccessibleState	AccessibleState(java.lang.reflect.AccessibleObject)	accessibleObject	0	/home/nima/Developer/NJR-ANNOTATED-RUN/dataset/url8752fbdeb0_sixtam_args_tgz-pJ8-cz_mff_dpp_args_examples_ConstraintTestJ8/src/cz/mff/dpp/args/Configurator.java
cz.mff.dpp.args.Configurator$AccessibleState#$@$#AccessibleState(java.lang.reflect.AccessibleObject)#$@$#save#$@$#METHOD	cz.mff.dpp.args.Configurator$AccessibleState	save()	null	null	/home/nima/Developer/NJR-ANNOTATED-RUN/dataset/url8752fbdeb0_sixtam_args_tgz-pJ8-cz_mff_dpp_args_examples_ConstraintTestJ8/src/cz/mff/dpp/args/Configurator.java
cz.mff.dpp.args.Configurator$AccessibleState#$@$#AccessibleState(java.lang.reflect.AccessibleObject)#$@$#makeAccessible#$@$#METHOD	cz.mff.dpp.args.Configurator$AccessibleState	makeAccessible()	null	null	/home/nima/Developer/NJR-ANNOTATED-RUN/dataset/url8752fbdeb0_sixtam_args_tgz-pJ8-cz_mff_dpp_args_examples_ConstraintTestJ8/src/cz/mff/dpp/args/Configurator.java
cz.mff.dpp.args.Configurator$AccessibleState#$@$#restore()#$@$#accessibleObject.setAccessible#$@$#METHOD	java.lang.reflect.AccessibleObject	setAccessible(boolean)	null	null	null
cz.mff.dpp.args.Configurator$AccessibleState#$@$#restore()#$@$#accessibleObject#$@$#FIELD	cz.mff.dpp.args.Configurator$AccessibleState	null	accessibleObject	null	/home/nima/Developer/NJR-ANNOTATED-RUN/dataset/url8752fbdeb0_sixtam_args_tgz-pJ8-cz_mff_dpp_args_examples_ConstraintTestJ8/src/cz/mff/dpp/args/Configurator.java
cz.mff.dpp.args.Configurator$AccessibleState#$@$#restore()#$@$#accessible#$@$#FIELD	cz.mff.dpp.args.Configurator$AccessibleState	null	accessible	null	/home/nima/Developer/NJR-ANNOTATED-RUN/dataset/url8752fbdeb0_sixtam_args_tgz-pJ8-cz_mff_dpp_args_examples_ConstraintTestJ8/src/cz/mff/dpp/args/Configurator.java
cz.mff.dpp.args.Configurator$AccessibleState#$@$#save()#$@$#accessible#$@$#FIELD	cz.mff.dpp.args.Configurator$AccessibleState	null	accessible	null	/home/nima/Developer/NJR-ANNOTATED-RUN/dataset/url8752fbdeb0_sixtam_args_tgz-pJ8-cz_mff_dpp_args_examples_ConstraintTestJ8/src/cz/mff/dpp/args/Configurator.java
cz.mff.dpp.args.Configurator$AccessibleState#$@$#save()#$@$#accessibleObject.isAccessible#$@$#METHOD	java.lang.reflect.AccessibleObject	isAccessible()	null	null	null
cz.mff.dpp.args.Configurator$AccessibleState#$@$#save()#$@$#accessibleObject#$@$#FIELD	cz.mff.dpp.args.Configurator$AccessibleState	null	accessibleObject	null	/home/nima/Developer/NJR-ANNOTATED-RUN/dataset/url8752fbdeb0_sixtam_args_tgz-pJ8-cz_mff_dpp_args_examples_ConstraintTestJ8/src/cz/mff/dpp/args/Configurator.java
cz.mff.dpp.args.Configurator$AccessibleState#$@$#makeAccessible()#$@$#accessibleObject.setAccessible#$@$#METHOD	java.lang.reflect.AccessibleObject	setAccessible(boolean)	null	null	null
cz.mff.dpp.args.Configurator$AccessibleState#$@$#makeAccessible()#$@$#accessibleObject#$@$#FIELD	cz.mff.dpp.args.Configurator$AccessibleState	null	accessibleObject	null	/home/nima/Developer/NJR-ANNOTATED-RUN/dataset/url8752fbdeb0_sixtam_args_tgz-pJ8-cz_mff_dpp_args_examples_ConstraintTestJ8/src/cz/mff/dpp/args/Configurator.java
cz.mff.dpp.args.ReflectUtils#$@$#isFlagType(java.lang.reflect.AccessibleObject)#$@$#accessible#$@$#PARAMETER	cz.mff.dpp.args.ReflectUtils	isFlagType(java.lang.reflect.AccessibleObject)	accessible	0	/home/nima/Developer/NJR-ANNOTATED-RUN/dataset/url8752fbdeb0_sixtam_args_tgz-pJ8-cz_mff_dpp_args_examples_ConstraintTestJ8/src/cz/mff/dpp/args/ReflectUtils.java
cz.mff.dpp.args.ReflectUtils#$@$#isFlagType(java.lang.reflect.AccessibleObject)#$@$#accessible#$@$#PARAMETER	cz.mff.dpp.args.ReflectUtils	isFlagType(java.lang.reflect.AccessibleObject)	accessible	0	/home/nima/Developer/NJR-ANNOTATED-RUN/dataset/url8752fbdeb0_sixtam_args_tgz-pJ8-cz_mff_dpp_args_examples_ConstraintTestJ8/src/cz/mff/dpp/args/ReflectUtils.java
cz.mff.dpp.args.ReflectUtils#$@$#isFlagType(java.lang.reflect.AccessibleObject)#$@$#field.getType#$@$#METHOD	java.lang.reflect.Field	getType()	null	null	null
